/* Auto-generated from web/index.html */
#ifndef INDEX_HTML_H
#define INDEX_HTML_H
#include <stddef.h>
#include <stdint.h>
static const uint8_t INDEX_HTML[] = {
0x3c,0x21,0x44,0x4f,0x43,0x54,0x59,0x50,0x45,0x20,0x68,0x74,0x6d,0x6c,0x3e,0x0a,0x3c,0x68,0x74,0x6d,
0x6c,0x20,0x6c,0x61,0x6e,0x67,0x3d,0x22,0x6a,0x61,0x22,0x3e,0x0a,0x3c,0x68,0x65,0x61,0x64,0x3e,0x0a,
0x20,0x20,0x20,0x20,0x3c,0x6d,0x65,0x74,0x61,0x20,0x63,0x68,0x61,0x72,0x73,0x65,0x74,0x3d,0x22,0x55,
0x54,0x46,0x2d,0x38,0x22,0x3e,0x0a,0x20,0x20,0x20,0x20,0x3c,0x6d,0x65,0x74,0x61,0x20,0x6e,0x61,0x6d,
0x65,0x3d,0x22,0x76,0x69,0x65,0x77,0x70,0x6f,0x72,0x74,0x22,0x20,0x63,0x6f,0x6e,0x74,0x65,0x6e,0x74,
0x3d,0x22,0x77,0x69,0x64,0x74,0x68,0x3d,0x64,0x65,0x76,0x69,0x63,0x65,0x2d,0x77,0x69,0x64,0x74,0x68,
0x2c,0x20,0x69,0x6e,0x69,0x74,0x69,0x61,0x6c,0x2d,0x73,0x63,0x61,0x6c,0x65,0x3d,0x31,0x2e,0x30,0x22,
0x3e,0x0a,0x20,0x20,0x20,0x20,0x3c,0x74,0x69,0x74,0x6c,0x65,0x3e,0x50,0x6c,0x61,0x6e,0x74,0x20,0x44,
0x6f,0x63,0x74,0x6f,0x72,0x20,0x2d,0x20,0x45,0x64,0x67,0x65,0x20,0x41,0x49,0x20,0x4d,0x6f,0x6e,0x69,
0x74,0x6f,0x72,0x69,0x6e,0x67,0x20,0x44,0x61,0x73,0x68,0x62,0x6f,0x61,0x72,0x64,0x3c,0x2f,0x74,0x69,
0x74,0x6c,0x65,0x3e,0x0a,0x20,0x20,0x20,0x20,0x3c,0x21,0x2d,0x2d,0x20,0x54,0x61,0x69,0x6c,0x77,0x69,
0x6e,0x64,0x20,0x43,0x53,0x53,0x20,0x2d,0x2d,0x3e,0x0a,0x20,0x20,0x20,0x20,0x3c,0x73,0x63,0x72,0x69,
0x70,0x74,0x20,0x73,0x72,0x63,0x3d,0x22,0x68,0x74,0x74,0x70,0x73,0x3a,0x2f,0x2f,0x63,0x64,0x6e,0x2e,
0x74,0x61,0x69,0x6c,0x77,0x69,0x6e,0x64,0x63,0x73,0x73,0x2e,0x63,0x6f,0x6d,0x22,0x3e,0x3c,0x2f,0x73,
0x63,0x72,0x69,0x70,0x74,0x3e,0x0a,0x20,0x20,0x20,0x20,0x3c,0x21,0x2d,0x2d,0x20,0x43,0x68,0x61,0x72,
0x74,0x2e,0x6a,0x73,0x20,0x2d,0x2d,0x3e,0x0a,0x20,0x20,0x20,0x20,0x3c,0x73,0x63,0x72,0x69,0x70,0x74,
0x20,0x73,0x72,0x63,0x3d,0x22,0x68,0x74,0x74,0x70,0x73,0x3a,0x2f,0x2f,0x63,0x64,0x6e,0x2e,0x6a,0x73,
0x64,0x65,0x6c,0x69,0x76,0x72,0x2e,0x6e,0x65,0x74,0x2f,0x6e,0x70,0x6d,0x2f,0x63,0x68,0x61,0x72,0x74,
0x2e,0x6a,0x73,0x22,0x3e,0x3c,0x2f,0x73,0x63,0x72,0x69,0x70,0x74,0x3e,0x0a,0x20,0x20,0x20,0x20,0x3c,
0x73,0x74,0x79,0x6c,0x65,0x3e,0x0a,0x20,0x20,0x20,0x20,0x20,0x20,0x20,0x20,0x2e,0x67,0x61,0x75,0x67,
0x65,0x2d,0x64,0x69,0x61,0x6c,0x20,0x7b,0x0a,0x20,0x20,0x20,0x20,0x20,0x20,0x20,0x20,0x20,0x20,0x20,
0x20,0x73,0x74,0x72,0x6f,0x6b,0x65,0x2d,0x64,0x61,0x73,0x68,0x61,0x72,0x72,0x61,0x79,0x3a,0x20,0x32,
0x35,0x31,0x2e,0x32,0x3b,0x0a,0x20,0x20,0x20,0x20,0x20,0x20,0x20,0x20,0x20,0x20,0x20,0x20,0x74,0x72,
0x61,0x6e,0x73,0x69,0x74,0x69,0x6f,0x6e,0x3a,0x20,0x73,0x74,0x72,0x6f,0x6b,0x65,0x2d,0x64,0x61,0x73,
0x68,0x6f,0x66,0x66,0x73,0x65,0x74,0x20,0x30,0x2e,0x38,0x73,0x20,0x65,0x61,0x73,0x65,0x2d,0x69,0x6e,
0x2d,0x6f,0x75,0x74,0x3b,0x0a,0x20,0x20,0x20,0x20,0x20,0x20,0x20,0x20,0x7d,0x0a,0x20,0x20,0x20,0x20,
0x20,0x20,0x20,0x20,0x40,0x6b,0x65,0x79,0x66,0x72,0x61,0x6d,0x65,0x73,0x20,0x73,0x77,0x61,0x79,0x20,
0x7b,0x0a,0x20,0x20,0x20,0x20,0x20,0x20,0x20,0x20,0x20,0x20,0x20,0x20,0x30,0x25,0x2c,0x20,0x31,0x30,
0x30,0x25,0x20,0x7b,0x20,0x74,0x72,0x61,0x6e,0x73,0x66,0x6f,0x72,0x6d,0x3a,0x20,0x72,0x6f,0x74,0x61,
0x74,0x65,0x28,0x30,0x64,0x65,0x67,0x29,0x3b,0x20,0x7d,0x0a,0x20,0x20,0x20,0x20,0x20,0x20,0x20,0x20,
0x20,0x20,0x20,0x20,0x35,0x30,0x25,0x20,0x7b,0x20,0x74,0x72,0x61,0x6e,0x73,0x66,0x6f,0x72,0x6d,0x3a,
0x20,0x72,0x6f,0x74,0x61,0x74,0x65,0x28,0x32,0x64,0x65,0x67,0x29,0x3b,0x20,0x7d,0x0a,0x20,0x20,0x20,
0x20,0x20,0x20,0x20,0x20,0x7d,0x0a,0x20,0x20,0x20,0x20,0x20,0x20,0x20,0x20,0x2e,0x61,0x6e,0x69,0x6d,
0x61,0x74,0x65,0x2d,0x73,0x77,0x61,0x79,0x20,0x7b,0x0a,0x20,0x20,0x20,0x20,0x20,0x20,0x20,0x20,0x20,
0x20,0x20,0x20,0x74,0x72,0x61,0x6e,0x73,0x66,0x6f,0x72,0x6d,0x2d,0x6f,0x72,0x69,0x67,0x69,0x6e,0x3a,
0x20,0x62,0x6f,0x74,0x74,0x6f,0x6d,0x20,0x63,0x65,0x6e,0x74,0x65,0x72,0x3b,0x0a,0x20,0x20,0x20,0x20,
0x20,0x20,0x20,0x20,0x20,0x20,0x20,0x20,0x61,0x6e,0x69,0x6d,0x61,0x74,0x69,0x6f,0x6e,0x3a,0x20,0x73,
0x77,0x61,0x79,0x20,0x34,0x73,0x20,0x65,0x61,0x73,0x65,0x2d,0x69,0x6e,0x2d,0x6f,0x75,0x74,0x20,0x69,
0x6e,0x66,0x69,0x6e,0x69,0x74,0x65,0x3b,0x0a,0x20,0x20,0x20,0x20,0x20,0x20,0x20,0x20,0x7d,0x0a,0x20,
0x20,0x20,0x20,0x3c,0x2f,0x73,0x74,0x79,0x6c,0x65,0x3e,0x0a,0x3c,0x2f,0x68,0x65,0x61,0x64,0x3e,0x0a,
0x3c,0x62,0x6f,0x64,0x79,0x20,0x63,0x6c,0x61,0x73,0x73,0x3d,0x22,0x62,0x67,0x2d,0x73,0x6c,0x61,0x74,
0x65,0x2d,0x39,0x30,0x30,0x20,0x74,0x65,0x78,0x74,0x2d,0x73,0x6c,0x61,0x74,0x65,0x2d,0x31,0x30,0x30,
0x20,0x6d,0x69,0x6e,0x2d,0x68,0x2d,0x73,0x63,0x72,0x65,0x65,0x6e,0x20,0x66,0x6f,0x6e,0x74,0x2d,0x73,
0x61,0x6e,0x73,0x22,0x3e,0x0a,0x20,0x20,0x20,0x20,0x3c,0x64,0x69,0x76,0x20,0x63,0x6c,0x61,0x73,0x73,
0x3d,0x22,0x6d,0x61,0x78,0x2d,0x77,0x2d,0x37,0x78,0x6c,0x20,0x6d,0x78,0x2d,0x61,0x75,0x74,0x6f,0x20,
0x70,0x78,0x2d,0x34,0x20,0x70,0x79,0x2d,0x36,0x20,0x73,0x70,0x61,0x63,0x65,0x2d,0x79,0x2d,0x36,0x22,
0x3e,0x0a,0x20,0x20,0x20,0x20,0x20,0x20,0x20,0x20,0x3c,0x21,0x2d,0x2d,0x20,0x48,0x65,0x61,0x64,0x65,
0x72,0x20,0x2d,0x2d,0x3e,0x0a,0x20,0x20,0x20,0x20,0x20,0x20,0x20,0x20,0x3c,0x68,0x65,0x61,0x64,0x65,
0x72,0x20,0x63,0x6c,0x61,0x73,0x73,0x3d,0x22,0x66,0x6c,0x65,0x78,0x20,0x66,0x6c,0x65,0x78,0x2d,0x63,
0x6f,0x6c,0x20,0x6d,0x64,0x3a,0x66,0x6c,0x65,0x78,0x2d,0x72,0x6f,0x77,0x20,0x6a,0x75,0x73,0x74,0x69,
0x66,0x79,0x2d,0x62,0x65,0x74,0x77,0x65,0x65,0x6e,0x20,0x69,0x74,0x65,0x6d,0x73,0x2d,0x63,0x65,0x6e,
0x74,0x65,0x72,0x20,0x70,0x62,0x2d,0x34,0x20,0x62,0x6f,0x72,0x64,0x65,0x72,0x2d,0x62,0x20,0x62,0x6f,
0x72,0x64,0x65,0x72,0x2d,0x73,0x6c,0x61,0x74,0x65,0x2d,0x38,0x30,0x30,0x20,0x67,0x61,0x70,0x2d,0x34,
0x22,0x3e,0x0a,0x20,0x20,0x20,0x20,0x20,0x20,0x20,0x20,0x20,0x20,0x20,0x20,0x3c,0x64,0x69,0x76,0x20,
0x63,0x6c,0x61,0x73,0x73,0x3d,0x22,0x66,0x6c,0x65,0x78,0x20,0x69,0x74,0x65,0x6d,0x73,0x2d,0x63,0x65,
0x6e,0x74,0x65,0x72,0x20,0x73,0x70,0x61,0x63,0x65,0x2d,0x78,0x2d,0x33,0x22,0x3e,0x0a,0x20,0x20,0x20,
0x20,0x20,0x20,0x20,0x20,0x20,0x20,0x20,0x20,0x20,0x20,0x20,0x20,0x3c,0x64,0x69,0x76,0x20,0x63,0x6c,
0x61,0x73,0x73,0x3d,0x22,0x77,0x2d,0x31,0x30,0x20,0x68,0x2d,0x31,0x30,0x20,0x72,0x6f,0x75,0x6e,0x64,
0x65,0x64,0x2d,0x78,0x6c,0x20,0x62,0x67,0x2d,0x65,0x6d,0x65,0x72,0x61,0x6c,0x64,0x2d,0x35,0x30,0x30,
0x2f,0x32,0x30,0x20,0x74,0x65,0x78,0x74,0x2d,0x65,0x6d,0x65,0x72,0x61,0x6c,0x64,0x2d,0x34,0x30,0x30,
0x20,0x66,0x6c,0x65,0x78,0x20,0x69,0x74,0x65,0x6d,0x73,0x2d,0x63,0x65,0x6e,0x74,0x65,0x72,0x20,0x6a,
0x75,0x73,0x74,0x69,0x66,0x79,0x2d,0x63,0x65,0x6e,0x74,0x65,0x72,0x20,0x74,0x65,0x78,0x74,0x2d,0x32,
0x78,0x6c,0x20,0x73,0x68,0x61,0x64,0x6f,0x77,0x2d,0x69,0x6e,0x6e,0x65,0x72,0x22,0x3e,0x0a,0x20,0x20,
0x20,0x20,0x20,0x20,0x20,0x20,0x20,0x20,0x20,0x20,0x20,0x20,0x20,0x20,0x20,0x20,0x20,0x20,0xf0,0x9f,
0x8c,0xb1,0x0a,0x20,0x20,0x20,0x20,0x20,0x20,0x20,0x20,0x20,0x20,0x20,0x20,0x20,0x20,0x20,0x20,0x3c,
0x2f,0x64,0x69,0x76,0x3e,0x0a,0x20,0x20,0x20,0x20,0x20,0x20,0x20,0x20,0x20,0x20,0x20,0x20,0x20,0x20,
0x20,0x20,0x3c,0x64,0x69,0x76,0x3e,0x0a,0x20,0x20,0x20,0x20,0x20,0x20,0x20,0x20,0x20,0x20,0x20,0x20,
0x20,0x20,0x20,0x20,0x20,0x20,0x20,0x20,0x3c,0x68,0x31,0x20,0x63,0x6c,0x61,0x73,0x73,0x3d,0x22,0x74,
0x65,0x78,0x74,0x2d,0x78,0x6c,0x20,0x66,0x6f,0x6e,0x74,0x2d,0x62,0x6f,0x6c,0x64,0x20,0x74,0x72,0x61,
0x63,0x6b,0x69,0x6e,0x67,0x2d,0x74,0x69,0x67,0x68,0x74,0x20,0x74,0x65,0x78,0x74,0x2d,0x77,0x68,0x69,
0x74,0x65,0x20,0x66,0x6c,0x65,0x78,0x20,0x69,0x74,0x65,0x6d,0x73,0x2d,0x63,0x65,0x6e,0x74,0x65,0x72,
0x20,0x67,0x61,0x70,0x2d,0x32,0x22,0x3e,0x0a,0x20,0x20,0x20,0x20,0x20,0x20,0x20,0x20,0x20,0x20,0x20,
0x20,0x20,0x20,0x20,0x20,0x20,0x20,0x20,0x20,0x20,0x20,0x20,0x20,0x50,0x6c,0x61,0x6e,0x74,0x20,0x44,
0x6f,0x63,0x74,0x6f,0x72,0x0a,0x20,0x20,0x20,0x20,0x20,0x20,0x20,0x20,0x20,0x20,0x20,0x20,0x20,0x20,
0x20,0x20,0x20,0x20,0x20,0x20,0x20,0x20,0x20,0x20,0x3c,0x73,0x70,0x61,0x6e,0x20,0x63,0x6c,0x61,0x73,
0x73,0x3d,0x22,0x74,0x65,0x78,0x74,0x2d,0x78,0x73,0x20,0x66,0x6f,0x6e,0x74,0x2d,0x73,0x65,0x6d,0x69,
0x62,0x6f,0x6c,0x64,0x20,0x70,0x78,0x2d,0x32,0x20,0x70,0x79,0x2d,0x30,0x2e,0x35,0x20,0x72,0x6f,0x75,
0x6e,0x64,0x65,0x64,0x2d,0x66,0x75,0x6c,0x6c,0x20,0x62,0x67,0x2d,0x65,0x6d,0x65,0x72,0x61,0x6c,0x64,
0x2d,0x39,0x35,0x30,0x20,0x74,0x65,0x78,0x74,0x2d,0x65,0x6d,0x65,0x72,0x61,0x6c,0x64,0x2d,0x34,0x30,
0x30,0x20,0x62,0x6f,0x72,0x64,0x65,0x72,0x20,0x62,0x6f,0x72,0x64,0x65,0x72,0x2d,0x65,0x6d,0x65,0x72,
0x61,0x6c,0x64,0x2d,0x38,0x30,0x30,0x22,0x3e,0x45,0x64,0x67,0x65,0x20,0x41,0x49,0x3c,0x2f,0x73,0x70,
0x61,0x6e,0x3e,0x0a,0x20,0x20,0x20,0x20,0x20,0x20,0x20,0x20,0x20,0x20,0x20,0x20,0x20,0x20,0x20,0x20,
0x20,0x20,0x20,0x20,0x3c,0x2f,0x68,0x31,0x3e,0x0a,0x20,0x20,0x20,0x20,0x20,0x20,0x20,0x20,0x20,0x20,
0x20,0x20,0x20,0x20,0x20,0x20,0x20,0x20,0x20,0x20,0x3c,0x70,0x20,0x63,0x6c,0x61,0x73,0x73,0x3d,0x22,
0x74,0x65,0x78,0x74,0x2d,0x78,0x73,0x20,0x74,0x65,0x78,0x74,0x2d,0x73,0x6c,0x61,0x74,0x65,0x2d,0x34,
0x30,0x30,0x22,0x3e,0x44,0x54,0x2d,0x45,0x42,0x4d,0x4c,0x36,0x33,0x51,0x32,0x35,0x35,0x37,0x20,0x28,
0x53,0x6f,0x6c,0x69,0x73,0x74,0x2d,0x41,0x49,0xe2,0x84,0xa2,0x29,0x20,0x26,0x74,0x69,0x6d,0x65,0x73,
0x3b,0x20,0x41,0x54,0x4f,0x4d,0x53,0x33,0x20,0x4c,0x69,0x74,0x65,0x20,0x47,0x61,0x74,0x65,0x77,0x61,
0x79,0x3c,0x2f,0x70,0x3e,0x0a,0x20,0x20,0x20,0x20,0x20,0x20,0x20,0x20,0x20,0x20,0x20,0x20,0x20,0x20,
0x20,0x20,0x3c,0x2f,0x64,0x69,0x76,0x3e,0x0a,0x20,0x20,0x20,0x20,0x20,0x20,0x20,0x20,0x20,0x20,0x20,
0x20,0x3c,0x2f,0x64,0x69,0x76,0x3e,0x0a,0x20,0x20,0x20,0x20,0x20,0x20,0x20,0x20,0x20,0x20,0x20,0x20,
0x0a,0x20,0x20,0x20,0x20,0x20,0x20,0x20,0x20,0x20,0x20,0x20,0x20,0x3c,0x64,0x69,0x76,0x20,0x63,0x6c,
0x61,0x73,0x73,0x3d,0x22,0x66,0x6c,0x65,0x78,0x20,0x69,0x74,0x65,0x6d,0x73,0x2d,0x63,0x65,0x6e,0x74,
0x65,0x72,0x20,0x73,0x70,0x61,0x63,0x65,0x2d,0x78,0x2d,0x33,0x22,0x3e,0x0a,0x20,0x20,0x20,0x20,0x20,
0x20,0x20,0x20,0x20,0x20,0x20,0x20,0x20,0x20,0x20,0x20,0x3c,0x64,0x69,0x76,0x20,0x63,0x6c,0x61,0x73,
0x73,0x3d,0x22,0x66,0x6c,0x65,0x78,0x20,0x69,0x74,0x65,0x6d,0x73,0x2d,0x63,0x65,0x6e,0x74,0x65,0x72,
0x20,0x73,0x70,0x61,0x63,0x65,0x2d,0x78,0x2d,0x32,0x20,0x62,0x67,0x2d,0x73,0x6c,0x61,0x74,0x65,0x2d,
0x38,0x30,0x30,0x2f,0x38,0x30,0x20,0x70,0x78,0x2d,0x33,0x20,0x70,0x79,0x2d,0x31,0x2e,0x35,0x20,0x72,
0x6f,0x75,0x6e,0x64,0x65,0x64,0x2d,0x6c,0x67,0x20,0x62,0x6f,0x72,0x64,0x65,0x72,0x20,0x62,0x6f,0x72,
0x64,0x65,0x72,0x2d,0x73,0x6c,0x61,0x74,0x65,0x2d,0x37,0x30,0x30,0x20,0x74,0x65,0x78,0x74,0x2d,0x78,
0x73,0x22,0x3e,0x0a,0x20,0x20,0x20,0x20,0x20,0x20,0x20,0x20,0x20,0x20,0x20,0x20,0x20,0x20,0x20,0x20,
0x20,0x20,0x20,0x20,0x3c,0x73,0x70,0x61,0x6e,0x20,0x69,0x64,0x3d,0x22,0x63,0x6f,0x6e,0x6e,0x2d,0x64,
0x6f,0x74,0x22,0x20,0x63,0x6c,0x61,0x73,0x73,0x3d,0x22,0x77,0x2d,0x32,0x2e,0x35,0x20,0x68,0x2d,0x32,
0x2e,0x35,0x20,0x72,0x6f,0x75,0x6e,0x64,0x65,0x64,0x2d,0x66,0x75,0x6c,0x6c,0x20,0x62,0x67,0x2d,0x61,
0x6d,0x62,0x65,0x72,0x2d,0x34,0x30,0x30,0x20,0x61,0x6e,0x69,0x6d,0x61,0x74,0x65,0x2d,0x70,0x75,0x6c,
0x73,0x65,0x22,0x3e,0x3c,0x2f,0x73,0x70,0x61,0x6e,0x3e,0x0a,0x20,0x20,0x20,0x20,0x20,0x20,0x20,0x20,
0x20,0x20,0x20,0x20,0x20,0x20,0x20,0x20,0x20,0x20,0x20,0x20,0x3c,0x73,0x70,0x61,0x6e,0x20,0x69,0x64,
0x3d,0x22,0x63,0x6f,0x6e,0x6e,0x2d,0x74,0x65,0x78,0x74,0x22,0x20,0x63,0x6c,0x61,0x73,0x73,0x3d,0x22,
0x74,0x65,0x78,0x74,0x2d,0x73,0x6c,0x61,0x74,0x65,0x2d,0x33,0x30,0x30,0x22,0x3e,0x43,0x6f,0x6e,0x6e,
0x65,0x63,0x74,0x69,0x6e,0x67,0x2e,0x2e,0x2e,0x3c,0x2f,0x73,0x70,0x61,0x6e,0x3e,0x0a,0x20,0x20,0x20,
0x20,0x20,0x20,0x20,0x20,0x20,0x20,0x20,0x20,0x20,0x20,0x20,0x20,0x3c,0x2f,0x64,0x69,0x76,0x3e,0x0a,
0x20,0x20,0x20,0x20,0x20,0x20,0x20,0x20,0x20,0x20,0x20,0x20,0x20,0x20,0x20,0x20,0x3c,0x64,0x69,0x76,
0x20,0x63,0x6c,0x61,0x73,0x73,0x3d,0x22,0x66,0x6c,0x65,0x78,0x20,0x69,0x74,0x65,0x6d,0x73,0x2d,0x63,
0x65,0x6e,0x74,0x65,0x72,0x20,0x73,0x70,0x61,0x63,0x65,0x2d,0x78,0x2d,0x32,0x20,0x62,0x67,0x2d,0x73,
0x6c,0x61,0x74,0x65,0x2d,0x38,0x30,0x30,0x2f,0x38,0x30,0x20,0x70,0x78,0x2d,0x33,0x20,0x70,0x79,0x2d,
0x31,0x2e,0x35,0x20,0x72,0x6f,0x75,0x6e,0x64,0x65,0x64,0x2d,0x6c,0x67,0x20,0x62,0x6f,0x72,0x64,0x65,
0x72,0x20,0x62,0x6f,0x72,0x64,0x65,0x72,0x2d,0x73,0x6c,0x61,0x74,0x65,0x2d,0x37,0x30,0x30,0x20,0x74,
0x65,0x78,0x74,0x2d,0x78,0x73,0x22,0x3e,0x0a,0x20,0x20,0x20,0x20,0x20,0x20,0x20,0x20,0x20,0x20,0x20,
0x20,0x20,0x20,0x20,0x20,0x20,0x20,0x20,0x20,0x3c,0x73,0x70,0x61,0x6e,0x20,0x63,0x6c,0x61,0x73,0x73,
0x3d,0x22,0x74,0x65,0x78,0x74,0x2d,0x73,0x6c,0x61,0x74,0x65,0x2d,0x34,0x30,0x30,0x20,0x74,0x65,0x78,
0x74,0x2d,0x78,0x73,0x20,0x66,0x6f,0x6e,0x74,0x2d,0x6d,0x65,0x64,0x69,0x75,0x6d,0x22,0x3e,0x44,0x54,
0x2d,0x45,0x42,0x4d,0x4c,0x3a,0x3c,0x2f,0x73,0x70,0x61,0x6e,0x3e,0x0a,0x20,0x20,0x20,0x20,0x20,0x20,
0x20,0x20,0x20,0x20,0x20,0x20,0x20,0x20,0x20,0x20,0x20,0x20,0x20,0x20,0x3c,0x73,0x70,0x61,0x6e,0x20,
0x69,0x64,0x3d,0x22,0x65,0x62,0x6d,0x6c,0x2d,0x64,0x6f,0x74,0x22,0x20,0x63,0x6c,0x61,0x73,0x73,0x3d,
0x22,0x77,0x2d,0x32,0x2e,0x35,0x20,0x68,0x2d,0x32,0x2e,0x35,0x20,0x72,0x6f,0x75,0x6e,0x64,0x65,0x64,
0x2d,0x66,0x75,0x6c,0x6c,0x20,0x62,0x67,0x2d,0x72,0x6f,0x73,0x65,0x2d,0x35,0x30,0x30,0x20,0x61,0x6e,
0x69,0x6d,0x61,0x74,0x65,0x2d,0x70,0x75,0x6c,0x73,0x65,0x22,0x3e,0x3c,0x2f,0x73,0x70,0x61,0x6e,0x3e,
0x0a,0x20,0x20,0x20,0x20,0x20,0x20,0x20,0x20,0x20,0x20,0x20,0x20,0x20,0x20,0x20,0x20,0x20,0x20,0x20,
0x20,0x3c,0x73,0x70,0x61,0x6e,0x20,0x69,0x64,0x3d,0x22,0x65,0x62,0x6d,0x6c,0x2d,0x74,0x65,0x78,0x74,
0x22,0x20,0x63,0x6c,0x61,0x73,0x73,0x3d,0x22,0x74,0x65,0x78,0x74,0x2d,0x78,0x73,0x20,0x66,0x6f,0x6e,
0x74,0x2d,0x73,0x65,0x6d,0x69,0x62,0x6f,0x6c,0x64,0x20,0x74,0x65,0x78,0x74,0x2d,0x72,0x6f,0x73,0x65,
0x2d,0x34,0x30,0x30,0x22,0x3e,0xe6,0x9c,0xaa,0xe6,0x8e,0xa5,0xe7,0xb6,0x9a,0x3c,0x2f,0x73,0x70,0x61,
0x6e,0x3e,0x0a,0x20,0x20,0x20,0x20,0x20,0x20,0x20,0x20,0x20,0x20,0x20,0x20,0x20,0x20,0x20,0x20,0x3c,
0x2f,0x64,0x69,0x76,0x3e,0x0a,0x20,0x20,0x20,0x20,0x20,0x20,0x20,0x20,0x20,0x20,0x20,0x20,0x20,0x20,
0x20,0x20,0x3c,0x62,0x75,0x74,0x74,0x6f,0x6e,0x20,0x69,0x64,0x3d,0x22,0x73,0x79,0x6e,0x63,0x2d,0x74,
0x69,0x6d,0x65,0x2d,0x62,0x74,0x6e,0x22,0x20,0x6f,0x6e,0x63,0x6c,0x69,0x63,0x6b,0x3d,0x22,0x73,0x79,
0x6e,0x63,0x54,0x69,0x6d,0x65,0x28,0x29,0x22,0x20,0x63,0x6c,0x61,0x73,0x73,0x3d,0x22,0x74,0x65,0x78,
0x74,0x2d,0x78,0x73,0x20,0x62,0x67,0x2d,0x73,0x6c,0x61,0x74,0x65,0x2d,0x38,0x30,0x30,0x20,0x68,0x6f,
0x76,0x65,0x72,0x3a,0x62,0x67,0x2d,0x73,0x6c,0x61,0x74,0x65,0x2d,0x37,0x30,0x30,0x20,0x74,0x65,0x78,
0x74,0x2d,0x73,0x6c,0x61,0x74,0x65,0x2d,0x33,0x30,0x30,0x20,0x70,0x78,0x2d,0x33,0x20,0x70,0x79,0x2d,
0x31,0x2e,0x35,0x20,0x72,0x6f,0x75,0x6e,0x64,0x65,0x64,0x2d,0x6c,0x67,0x20,0x62,0x6f,0x72,0x64,0x65,
0x72,0x20,0x62,0x6f,0x72,0x64,0x65,0x72,0x2d,0x73,0x6c,0x61,0x74,0x65,0x2d,0x37,0x30,0x30,0x20,0x74,
0x72,0x61,0x6e,0x73,0x69,0x74,0x69,0x6f,0x6e,0x22,0x3e,0x0a,0x20,0x20,0x20,0x20,0x20,0x20,0x20,0x20,
0x20,0x20,0x20,0x20,0x20,0x20,0x20,0x20,0x20,0x20,0x20,0x20,0xf0,0x9f,0x95,0x92,0x20,0xe6,0x99,0x82,
0xe5,0x88,0xbb,0xe5,0x90,0x8c,0xe6,0x9c,0x9f,0x0a,0x20,0x20,0x20,0x20,0x20,0x20,0x20,0x20,0x20,0x20,
0x20,0x20,0x20,0x20,0x20,0x20,0x3c,0x2f,0x62,0x75,0x74,0x74,0x6f,0x6e,0x3e,0x0a,0x20,0x20,0x20,0x20,
0x20,0x20,0x20,0x20,0x20,0x20,0x20,0x20,0x3c,0x2f,0x64,0x69,0x76,0x3e,0x0a,0x20,0x20,0x20,0x20,0x20,
0x20,0x20,0x20,0x3c,0x2f,0x68,0x65,0x61,0x64,0x65,0x72,0x3e,0x0a,0x0a,0x20,0x20,0x20,0x20,0x20,0x20,
0x20,0x20,0x3c,0x21,0x2d,0x2d,0x20,0x48,0x65,0x72,0x6f,0x20,0x53,0x65,0x63,0x74,0x69,0x6f,0x6e,0x3a,
0x20,0x42,0x6f,0x74,0x61,0x6e,0x69,0x63,0x61,0x6c,0x20,0x56,0x69,0x73,0x75,0x61,0x6c,0x69,0x7a,0x65,
0x72,0x20,0x26,0x20,0x42,0x61,0x72,0x6f,0x6d,0x65,0x74,0x65,0x72,0x20,0x26,0x20,0x43,0x6f,0x6e,0x74,
0x72,0x6f,0x6c,0x73,0x20,0x2d,0x2d,0x3e,0x0a,0x20,0x20,0x20,0x20,0x20,0x20,0x20,0x20,0x3c,0x64,0x69,
0x76,0x20,0x63,0x6c,0x61,0x73,0x73,0x3d,0x22,0x67,0x72,0x69,0x64,0x20,0x67,0x72,0x69,0x64,0x2d,0x63,
0x6f,0x6c,0x73,0x2d,0x31,0x20,0x6c,0x67,0x3a,0x67,0x72,0x69,0x64,0x2d,0x63,0x6f,0x6c,0x73,0x2d,0x31,
0x32,0x20,0x67,0x61,0x70,0x2d,0x35,0x22,0x3e,0x0a,0x20,0x20,0x20,0x20,0x20,0x20,0x20,0x20,0x20,0x20,
0x20,0x20,0x3c,0x21,0x2d,0x2d,0x20,0x50,0x6c,0x61,0x6e,0x74,0x20,0x42,0x6f,0x74,0x61,0x6e,0x69,0x63,
0x61,0x6c,0x20,0x56,0x69,0x73,0x75,0x61,0x6c,0x69,0x7a,0x65,0x72,0x20,0x28,0x35,0x20,0x43,0x6f,0x6c,
0x73,0x29,0x20,0x2d,0x2d,0x3e,0x0a,0x20,0x20,0x20,0x20,0x20,0x20,0x20,0x20,0x20,0x20,0x20,0x20,0x3c,
0x64,0x69,0x76,0x20,0x63,0x6c,0x61,0x73,0x73,0x3d,0x22,0x6c,0x67,0x3a,0x63,0x6f,0x6c,0x2d,0x73,0x70,
0x61,0x6e,0x2d,0x35,0x20,0x62,0x67,0x2d,0x73,0x6c,0x61,0x74,0x65,0x2d,0x38,0x30,0x30,0x2f,0x36,0x30,
0x20,0x72,0x6f,0x75,0x6e,0x64,0x65,0x64,0x2d,0x32,0x78,0x6c,0x20,0x70,0x2d,0x35,0x20,0x62,0x6f,0x72,
0x64,0x65,0x72,0x20,0x62,0x6f,0x72,0x64,0x65,0x72,0x2d,0x73,0x6c,0x61,0x74,0x65,0x2d,0x37,0x30,0x30,
0x2f,0x36,0x30,0x20,0x62,0x61,0x63,0x6b,0x64,0x72,0x6f,0x70,0x2d,0x62,0x6c,0x75,0x72,0x2d,0x73,0x6d,
0x20,0x66,0x6c,0x65,0x78,0x20,0x66,0x6c,0x65,0x78,0x2d,0x63,0x6f,0x6c,0x20,0x69,0x74,0x65,0x6d,0x73,
0x2d,0x63,0x65,0x6e,0x74,0x65,0x72,0x20,0x6a,0x75,0x73,0x74,0x69,0x66,0x79,0x2d,0x62,0x65,0x74,0x77,
0x65,0x65,0x6e,0x20,0x72,0x65,0x6c,0x61,0x74,0x69,0x76,0x65,0x20,0x6f,0x76,0x65,0x72,0x66,0x6c,0x6f,
0x77,0x2d,0x68,0x69,0x64,0x64,0x65,0x6e,0x22,0x3e,0x0a,0x20,0x20,0x20,0x20,0x20,0x20,0x20,0x20,0x20,
0x20,0x20,0x20,0x20,0x20,0x20,0x20,0x3c,0x64,0x69,0x76,0x20,0x63,0x6c,0x61,0x73,0x73,0x3d,0x22,0x77,
0x2d,0x66,0x75,0x6c,0x6c,0x20,0x66,0x6c,0x65,0x78,0x20,0x69,0x74,0x65,0x6d,0x73,0x2d,0x63,0x65,0x6e,
0x74,0x65,0x72,0x20,0x6a,0x75,0x73,0x74,0x69,0x66,0x79,0x2d,0x62,0x65,0x74,0x77,0x65,0x65,0x6e,0x20,
0x74,0x65,0x78,0x74,0x2d,0x78,0x73,0x20,0x6d,0x62,0x2d,0x32,0x22,0x3e,0x0a,0x20,0x20,0x20,0x20,0x20,
0x20,0x20,0x20,0x20,0x20,0x20,0x20,0x20,0x20,0x20,0x20,0x20,0x20,0x20,0x20,0x3c,0x73,0x70,0x61,0x6e,
0x20,0x69,0x64,0x3d,0x22,0x70,0x6c,0x61,0x6e,0x74,0x2d,0x62,0x61,0x64,0x67,0x65,0x22,0x20,0x63,0x6c,
0x61,0x73,0x73,0x3d,0x22,0x70,0x78,0x2d,0x32,0x2e,0x35,0x20,0x70,0x79,0x2d,0x30,0x2e,0x35,0x20,0x72,
0x6f,0x75,0x6e,0x64,0x65,0x64,0x2d,0x66,0x75,0x6c,0x6c,0x20,0x66,0x6f,0x6e,0x74,0x2d,0x62,0x6f,0x6c,
0x64,0x20,0x62,0x67,0x2d,0x65,0x6d,0x65,0x72,0x61,0x6c,0x64,0x2d,0x39,0x35,0x30,0x20,0x74,0x65,0x78,
0x74,0x2d,0x65,0x6d,0x65,0x72,0x61,0x6c,0x64,0x2d,0x34,0x30,0x30,0x20,0x62,0x6f,0x72,0x64,0x65,0x72,
0x20,0x62,0x6f,0x72,0x64,0x65,0x72,0x2d,0x65,0x6d,0x65,0x72,0x61,0x6c,0x64,0x2d,0x38,0x30,0x30,0x22,
0x3e,0x0a,0x20,0x20,0x20,0x20,0x20,0x20,0x20,0x20,0x20,0x20,0x20,0x20,0x20,0x20,0x20,0x20,0x20,0x20,
0x20,0x20,0x20,0x20,0x20,0x20,0xf0,0x9f,0x8c,0xb1,0x20,0xe6,0xad,0xa3,0xe5,0xb8,0xb8,0xe3,0x83,0xbb,
0xe5,0xae,0x89,0xe5,0xae,0x9a,0x20,0x28,0x48,0x65,0x61,0x6c,0x74,0x68,0x79,0x29,0x0a,0x20,0x20,0x20,
0x20,0x20,0x20,0x20,0x20,0x20,0x20,0x20,0x20,0x20,0x20,0x20,0x20,0x20,0x20,0x20,0x20,0x3c,0x2f,0x73,
0x70,0x61,0x6e,0x3e,0x0a,0x20,0x20,0x20,0x20,0x20,0x20,0x20,0x20,0x20,0x20,0x20,0x20,0x20,0x20,0x20,
0x20,0x20,0x20,0x20,0x20,0x3c,0x73,0x70,0x61,0x6e,0x20,0x63,0x6c,0x61,0x73,0x73,0x3d,0x22,0x74,0x65,
0x78,0x74,0x2d,0x73,0x6c,0x61,0x74,0x65,0x2d,0x34,0x30,0x30,0x20,0x66,0x6f,0x6e,0x74,0x2d,0x6d,0x6f,
0x6e,0x6f,0x20,0x74,0x65,0x78,0x74,0x2d,0x5b,0x31,0x31,0x70,0x78,0x5d,0x22,0x3e,0xe7,0x94,0x9f,0xe4,
0xbd,0x93,0xe3,0x83,0xaa,0xe3,0x82,0xa2,0xe3,0x83,0xab,0xe3,0x82,0xbf,0xe3,0x82,0xa4,0xe3,0x83,0xa0,
0xe7,0x8a,0xb6,0xe6,0x85,0x8b,0x3c,0x2f,0x73,0x70,0x61,0x6e,0x3e,0x0a,0x20,0x20,0x20,0x20,0x20,0x20,
0x20,0x20,0x20,0x20,0x20,0x20,0x20,0x20,0x20,0x20,0x3c,0x2f,0x64,0x69,0x76,0x3e,0x0a,0x0a,0x20,0x20,
0x20,0x20,0x20,0x20,0x20,0x20,0x20,0x20,0x20,0x20,0x20,0x20,0x20,0x20,0x3c,0x21,0x2d,0x2d,0x20,0x53,
0x56,0x47,0x20,0x50,0x6c,0x61,0x6e,0x74,0x20,0x56,0x69,0x73,0x75,0x61,0x6c,0x69,0x7a,0x65,0x72,0x20,
0x2d,0x2d,0x3e,0x0a,0x20,0x20,0x20,0x20,0x20,0x20,0x20,0x20,0x20,0x20,0x20,0x20,0x20,0x20,0x20,0x20,
0x3c,0x64,0x69,0x76,0x20,0x63,0x6c,0x61,0x73,0x73,0x3d,0x22,0x72,0x65,0x6c,0x61,0x74,0x69,0x76,0x65,
0x20,0x77,0x2d,0x35,0x36,0x20,0x68,0x2d,0x35,0x32,0x20,0x6d,0x79,0x2d,0x31,0x20,0x61,0x6e,0x69,0x6d,
0x61,0x74,0x65,0x2d,0x73,0x77,0x61,0x79,0x20,0x66,0x6c,0x65,0x78,0x20,0x69,0x74,0x65,0x6d,0x73,0x2d,
0x63,0x65,0x6e,0x74,0x65,0x72,0x20,0x6a,0x75,0x73,0x74,0x69,0x66,0x79,0x2d,0x63,0x65,0x6e,0x74,0x65,
0x72,0x22,0x3e,0x0a,0x20,0x20,0x20,0x20,0x20,0x20,0x20,0x20,0x20,0x20,0x20,0x20,0x20,0x20,0x20,0x20,
0x20,0x20,0x20,0x20,0x3c,0x73,0x76,0x67,0x20,0x76,0x69,0x65,0x77,0x42,0x6f,0x78,0x3d,0x22,0x30,0x20,
0x30,0x20,0x32,0x30,0x30,0x20,0x31,0x38,0x30,0x22,0x20,0x63,0x6c,0x61,0x73,0x73,0x3d,0x22,0x77,0x2d,
0x66,0x75,0x6c,0x6c,0x20,0x68,0x2d,0x66,0x75,0x6c,0x6c,0x20,0x64,0x72,0x6f,0x70,0x2d,0x73,0x68,0x61,
0x64,0x6f,0x77,0x2d,0x6c,0x67,0x22,0x3e,0x0a,0x20,0x20,0x20,0x20,0x20,0x20,0x20,0x20,0x20,0x20,0x20,
0x20,0x20,0x20,0x20,0x20,0x20,0x20,0x20,0x20,0x20,0x20,0x20,0x20,0x3c,0x21,0x2d,0x2d,0x20,0x53,0x74,
0x65,0x6d,0x20,0x2d,0x2d,0x3e,0x0a,0x20,0x20,0x20,0x20,0x20,0x20,0x20,0x20,0x20,0x20,0x20,0x20,0x20,
0x20,0x20,0x20,0x20,0x20,0x20,0x20,0x20,0x20,0x20,0x20,0x3c,0x70,0x61,0x74,0x68,0x20,0x64,0x3d,0x22,
0x4d,0x20,0x31,0x30,0x30,0x20,0x31,0x34,0x30,0x20,0x51,0x20,0x31,0x30,0x30,0x20,0x39,0x30,0x20,0x31,
0x30,0x30,0x20,0x35,0x30,0x22,0x20,0x73,0x74,0x72,0x6f,0x6b,0x65,0x3d,0x22,0x23,0x30,0x35,0x39,0x36,
0x36,0x39,0x22,0x20,0x73,0x74,0x72,0x6f,0x6b,0x65,0x2d,0x77,0x69,0x64,0x74,0x68,0x3d,0x22,0x34,0x22,
0x20,0x73,0x74,0x72,0x6f,0x6b,0x65,0x2d,0x6c,0x69,0x6e,0x65,0x63,0x61,0x70,0x3d,0x22,0x72,0x6f,0x75,
0x6e,0x64,0x22,0x20,0x66,0x69,0x6c,0x6c,0x3d,0x22,0x6e,0x6f,0x6e,0x65,0x22,0x20,0x2f,0x3e,0x0a,0x20,
0x20,0x20,0x20,0x20,0x20,0x20,0x20,0x20,0x20,0x20,0x20,0x20,0x20,0x20,0x20,0x20,0x20,0x20,0x20,0x20,
0x20,0x20,0x20,0x3c,0x21,0x2d,0x2d,0x20,0x4c,0x65,0x66,0x74,0x20,0x4c,0x65,0x61,0x76,0x65,0x73,0x20,
0x2d,0x2d,0x3e,0x0a,0x20,0x20,0x20,0x20,0x20,0x20,0x20,0x20,0x20,0x20,0x20,0x20,0x20,0x20,0x20,0x20,
0x20,0x20,0x20,0x20,0x20,0x20,0x20,0x20,0x3c,0x67,0x20,0x69,0x64,0x3d,0x22,0x6c,0x65,0x61,0x66,0x2d,
0x6c,0x65,0x66,0x74,0x2d,0x67,0x72,0x6f,0x75,0x70,0x22,0x20,0x63,0x6c,0x61,0x73,0x73,0x3d,0x22,0x74,
0x72,0x61,0x6e,0x73,0x69,0x74,0x69,0x6f,0x6e,0x2d,0x74,0x72,0x61,0x6e,0x73,0x66,0x6f,0x72,0x6d,0x20,
0x64,0x75,0x72,0x61,0x74,0x69,0x6f,0x6e,0x2d,0x37,0x30,0x30,0x22,0x3e,0x0a,0x20,0x20,0x20,0x20,0x20,
0x20,0x20,0x20,0x20,0x20,0x20,0x20,0x20,0x20,0x20,0x20,0x20,0x20,0x20,0x20,0x20,0x20,0x20,0x20,0x20,
0x20,0x20,0x20,0x3c,0x70,0x61,0x74,0x68,0x20,0x69,0x64,0x3d,0x22,0x6c,0x65,0x61,0x66,0x2d,0x6c,0x31,
0x22,0x20,0x64,0x3d,0x22,0x4d,0x20,0x31,0x30,0x30,0x20,0x39,0x35,0x20,0x43,0x20,0x37,0x35,0x20,0x37,
0x35,0x20,0x35,0x35,0x20,0x38,0x30,0x20,0x34,0x30,0x20,0x31,0x30,0x30,0x20,0x43,0x20,0x36,0x30,0x20,
0x31,0x31,0x35,0x20,0x38,0x35,0x20,0x31,0x30,0x35,0x20,0x31,0x30,0x30,0x20,0x39,0x35,0x20,0x5a,0x22,
0x20,0x66,0x69,0x6c,0x6c,0x3d,0x22,0x23,0x31,0x30,0x62,0x39,0x38,0x31,0x22,0x20,0x2f,0x3e,0x0a,0x20,
0x20,0x20,0x20,0x20,0x20,0x20,0x20,0x20,0x20,0x20,0x20,0x20,0x20,0x20,0x20,0x20,0x20,0x20,0x20,0x20,
0x20,0x20,0x20,0x20,0x20,0x20,0x20,0x3c,0x70,0x61,0x74,0x68,0x20,0x69,0x64,0x3d,0x22,0x6c,0x65,0x61,
0x66,0x2d,0x6c,0x32,0x22,0x20,0x64,0x3d,0x22,0x4d,0x20,0x31,0x30,0x30,0x20,0x37,0x30,0x20,0x43,0x20,
0x38,0x30,0x20,0x34,0x35,0x20,0x36,0x30,0x20,0x35,0x30,0x20,0x34,0x35,0x20,0x37,0x30,0x20,0x43,0x20,
0x36,0x35,0x20,0x38,0x35,0x20,0x38,0x35,0x20,0x37,0x35,0x20,0x31,0x30,0x30,0x20,0x37,0x30,0x20,0x5a,
0x22,0x20,0x66,0x69,0x6c,0x6c,0x3d,0x22,0x23,0x31,0x30,0x62,0x39,0x38,0x31,0x22,0x20,0x2f,0x3e,0x0a,
0x20,0x20,0x20,0x20,0x20,0x20,0x20,0x20,0x20,0x20,0x20,0x20,0x20,0x20,0x20,0x20,0x20,0x20,0x20,0x20,
0x20,0x20,0x20,0x20,0x3c,0x2f,0x67,0x3e,0x0a,0x20,0x20,0x20,0x20,0x20,0x20,0x20,0x20,0x20,0x20,0x20,
0x20,0x20,0x20,0x20,0x20,0x20,0x20,0x20,0x20,0x20,0x20,0x20,0x20,0x3c,0x21,0x2d,0x2d,0x20,0x52,0x69,
0x67,0x68,0x74,0x20,0x4c,0x65,0x61,0x76,0x65,0x73,0x20,0x2d,0x2d,0x3e,0x0a,0x20,0x20,0x20,0x20,0x20,
0x20,0x20,0x20,0x20,0x20,0x20,0x20,0x20,0x20,0x20,0x20,0x20,0x20,0x20,0x20,0x20,0x20,0x20,0x20,0x3c,
0x67,0x20,0x69,0x64,0x3d,0x22,0x6c,0x65,0x61,0x66,0x2d,0x72,0x69,0x67,0x68,0x74,0x2d,0x67,0x72,0x6f,
0x75,0x70,0x22,0x20,0x63,0x6c,0x61,0x73,0x73,0x3d,0x22,0x74,0x72,0x61,0x6e,0x73,0x69,0x74,0x69,0x6f,
0x6e,0x2d,0x74,0x72,0x61,0x6e,0x73,0x66,0x6f,0x72,0x6d,0x20,0x64,0x75,0x72,0x61,0x74,0x69,0x6f,0x6e,
0x2d,0x37,0x30,0x30,0x22,0x3e,0x0a,0x20,0x20,0x20,0x20,0x20,0x20,0x20,0x20,0x20,0x20,0x20,0x20,0x20,
0x20,0x20,0x20,0x20,0x20,0x20,0x20,0x20,0x20,0x20,0x20,0x20,0x20,0x20,0x20,0x3c,0x70,0x61,0x74,0x68,
0x20,0x69,0x64,0x3d,0x22,0x6c,0x65,0x61,0x66,0x2d,0x72,0x31,0x22,0x20,0x64,0x3d,0x22,0x4d,0x20,0x31,
0x30,0x30,0x20,0x39,0x30,0x20,0x43,0x20,0x31,0x32,0x35,0x20,0x37,0x30,0x20,0x31,0x34,0x35,0x20,0x37,
0x35,0x20,0x31,0x36,0x30,0x20,0x39,0x35,0x20,0x43,0x20,0x31,0x34,0x30,0x20,0x31,0x31,0x30,0x20,0x31,
0x31,0x35,0x20,0x31,0x30,0x30,0x20,0x31,0x30,0x30,0x20,0x39,0x30,0x20,0x5a,0x22,0x20,0x66,0x69,0x6c,
0x6c,0x3d,0x22,0x23,0x31,0x30,0x62,0x39,0x38,0x31,0x22,0x20,0x2f,0x3e,0x0a,0x20,0x20,0x20,0x20,0x20,
0x20,0x20,0x20,0x20,0x20,0x20,0x20,0x20,0x20,0x20,0x20,0x20,0x20,0x20,0x20,0x20,0x20,0x20,0x20,0x20,
0x20,0x20,0x20,0x3c,0x70,0x61,0x74,0x68,0x20,0x69,0x64,0x3d,0x22,0x6c,0x65,0x61,0x66,0x2d,0x72,0x32,
0x22,0x20,0x64,0x3d,0x22,0x4d,0x20,0x31,0x30,0x30,0x20,0x36,0x35,0x20,0x43,0x20,0x31,0x32,0x30,0x20,
0x34,0x30,0x20,0x31,0x34,0x30,0x20,0x34,0x35,0x20,0x31,0x35,0x35,0x20,0x36,0x35,0x20,0x43,0x20,0x31,
0x33,0x35,0x20,0x38,0x30,0x20,0x31,0x31,0x35,0x20,0x37,0x30,0x20,0x31,0x30,0x30,0x20,0x36,0x35,0x20,
0x5a,0x22,0x20,0x66,0x69,0x6c,0x6c,0x3d,0x22,0x23,0x31,0x30,0x62,0x39,0x38,0x31,0x22,0x20,0x2f,0x3e,
0x0a,0x20,0x20,0x20,0x20,0x20,0x20,0x20,0x20,0x20,0x20,0x20,0x20,0x20,0x20,0x20,0x20,0x20,0x20,0x20,
0x20,0x20,0x20,0x20,0x20,0x3c,0x2f,0x67,0x3e,0x0a,0x20,0x20,0x20,0x20,0x20,0x20,0x20,0x20,0x20,0x20,
0x20,0x20,0x20,0x20,0x20,0x20,0x20,0x20,0x20,0x20,0x20,0x20,0x20,0x20,0x3c,0x21,0x2d,0x2d,0x20,0x43,
0x72,0x6f,0x77,0x6e,0x20,0x54,0x6f,0x70,0x20,0x4c,0x65,0x61,0x66,0x20,0x2d,0x2d,0x3e,0x0a,0x20,0x20,
0x20,0x20,0x20,0x20,0x20,0x20,0x20,0x20,0x20,0x20,0x20,0x20,0x20,0x20,0x20,0x20,0x20,0x20,0x20,0x20,
0x20,0x20,0x3c,0x70,0x61,0x74,0x68,0x20,0x69,0x64,0x3d,0x22,0x6c,0x65,0x61,0x66,0x2d,0x63,0x72,0x6f,
0x77,0x6e,0x22,0x20,0x64,0x3d,0x22,0x4d,0x20,0x31,0x30,0x30,0x20,0x35,0x30,0x20,0x43,0x20,0x39,0x32,
0x20,0x32,0x35,0x20,0x31,0x30,0x30,0x20,0x31,0x30,0x20,0x31,0x30,0x35,0x20,0x31,0x32,0x20,0x43,0x20,
0x31,0x31,0x30,0x20,0x31,0x35,0x20,0x31,0x31,0x32,0x20,0x33,0x30,0x20,0x31,0x30,0x30,0x20,0x35,0x30,
0x20,0x5a,0x22,0x20,0x66,0x69,0x6c,0x6c,0x3d,0x22,0x23,0x31,0x30,0x62,0x39,0x38,0x31,0x22,0x20,0x2f,
0x3e,0x0a,0x20,0x20,0x20,0x20,0x20,0x20,0x20,0x20,0x20,0x20,0x20,0x20,0x20,0x20,0x20,0x20,0x20,0x20,
0x20,0x20,0x20,0x20,0x20,0x20,0x3c,0x21,0x2d,0x2d,0x20,0x50,0x6f,0x74,0x20,0x53,0x6f,0x69,0x6c,0x20,
0x2d,0x2d,0x3e,0x0a,0x20,0x20,0x20,0x20,0x20,0x20,0x20,0x20,0x20,0x20,0x20,0x20,0x20,0x20,0x20,0x20,
0x20,0x20,0x20,0x20,0x20,0x20,0x20,0x20,0x3c,0x65,0x6c,0x6c,0x69,0x70,0x73,0x65,0x20,0x69,0x64,0x3d,
0x22,0x73,0x6f,0x69,0x6c,0x2d,0x65,0x6c,0x6c,0x69,0x70,0x73,0x65,0x22,0x20,0x63,0x78,0x3d,0x22,0x31,
0x30,0x30,0x22,0x20,0x63,0x79,0x3d,0x22,0x31,0x34,0x30,0x22,0x20,0x72,0x78,0x3d,0x22,0x33,0x38,0x22,
0x20,0x72,0x79,0x3d,0x22,0x38,0x22,0x20,0x66,0x69,0x6c,0x6c,0x3d,0x22,0x23,0x33,0x66,0x32,0x65,0x32,
0x31,0x22,0x20,0x2f,0x3e,0x0a,0x20,0x20,0x20,0x20,0x20,0x20,0x20,0x20,0x20,0x20,0x20,0x20,0x20,0x20,
0x20,0x20,0x20,0x20,0x20,0x20,0x20,0x20,0x20,0x20,0x3c,0x21,0x2d,0x2d,0x20,0x43,0x65,0x72,0x61,0x6d,
0x69,0x63,0x20,0x50,0x6f,0x74,0x20,0x42,0x6f,0x64,0x79,0x20,0x2d,0x2d,0x3e,0x0a,0x20,0x20,0x20,0x20,
0x20,0x20,0x20,0x20,0x20,0x20,0x20,0x20,0x20,0x20,0x20,0x20,0x20,0x20,0x20,0x20,0x20,0x20,0x20,0x20,
0x3c,0x70,0x61,0x74,0x68,0x20,0x64,0x3d,0x22,0x4d,0x20,0x36,0x34,0x20,0x31,0x34,0x30,0x20,0x4c,0x20,
0x37,0x34,0x20,0x31,0x37,0x32,0x20,0x51,0x20,0x31,0x30,0x30,0x20,0x31,0x37,0x36,0x20,0x31,0x32,0x36,
0x20,0x31,0x37,0x32,0x20,0x4c,0x20,0x31,0x33,0x36,0x20,0x31,0x34,0x30,0x20,0x5a,0x22,0x20,0x66,0x69,
0x6c,0x6c,0x3d,0x22,0x23,0x31,0x65,0x32,0x39,0x33,0x62,0x22,0x20,0x73,0x74,0x72,0x6f,0x6b,0x65,0x3d,
0x22,0x23,0x34,0x37,0x35,0x35,0x36,0x39,0x22,0x20,0x73,0x74,0x72,0x6f,0x6b,0x65,0x2d,0x77,0x69,0x64,
0x74,0x68,0x3d,0x22,0x31,0x2e,0x35,0x22,0x20,0x2f,0x3e,0x0a,0x20,0x20,0x20,0x20,0x20,0x20,0x20,0x20,
0x20,0x20,0x20,0x20,0x20,0x20,0x20,0x20,0x20,0x20,0x20,0x20,0x20,0x20,0x20,0x20,0x3c,0x65,0x6c,0x6c,
0x69,0x70,0x73,0x65,0x20,0x63,0x78,0x3d,0x22,0x31,0x30,0x30,0x22,0x20,0x63,0x79,0x3d,0x22,0x31,0x34,
0x30,0x22,0x20,0x72,0x78,0x3d,0x22,0x33,0x39,0x22,0x20,0x72,0x79,0x3d,0x22,0x37,0x22,0x20,0x66,0x69,
0x6c,0x6c,0x3d,0x22,0x23,0x33,0x33,0x34,0x31,0x35,0x35,0x22,0x20,0x73,0x74,0x72,0x6f,0x6b,0x65,0x3d,
0x22,0x23,0x36,0x34,0x37,0x34,0x38,0x62,0x22,0x20,0x73,0x74,0x72,0x6f,0x6b,0x65,0x2d,0x77,0x69,0x64,
0x74,0x68,0x3d,0x22,0x31,0x22,0x20,0x2f,0x3e,0x0a,0x20,0x20,0x20,0x20,0x20,0x20,0x20,0x20,0x20,0x20,
0x20,0x20,0x20,0x20,0x20,0x20,0x20,0x20,0x20,0x20,0x3c,0x2f,0x73,0x76,0x67,0x3e,0x0a,0x20,0x20,0x20,
0x20,0x20,0x20,0x20,0x20,0x20,0x20,0x20,0x20,0x20,0x20,0x20,0x20,0x3c,0x2f,0x64,0x69,0x76,0x3e,0x0a,
0x0a,0x20,0x20,0x20,0x20,0x20,0x20,0x20,0x20,0x20,0x20,0x20,0x20,0x20,0x20,0x20,0x20,0x3c,0x64,0x69,
0x76,0x20,0x63,0x6c,0x61,0x73,0x73,0x3d,0x22,0x77,0x2d,0x66,0x75,0x6c,0x6c,0x20,0x74,0x65,0x78,0x74,
0x2d,0x63,0x65,0x6e,0x74,0x65,0x72,0x20,0x74,0x65,0x78,0x74,0x2d,0x78,0x73,0x20,0x74,0x65,0x78,0x74,
0x2d,0x73,0x6c,0x61,0x74,0x65,0x2d,0x34,0x30,0x30,0x20,0x62,0x6f,0x72,0x64,0x65,0x72,0x2d,0x74,0x20,
0x62,0x6f,0x72,0x64,0x65,0x72,0x2d,0x73,0x6c,0x61,0x74,0x65,0x2d,0x37,0x30,0x30,0x2f,0x35,0x30,0x20,
0x70,0x74,0x2d,0x32,0x22,0x3e,0x0a,0x20,0x20,0x20,0x20,0x20,0x20,0x20,0x20,0x20,0x20,0x20,0x20,0x20,
0x20,0x20,0x20,0x20,0x20,0x20,0x20,0xe5,0x9c,0x9f,0xe5,0xa3,0x8c,0xe6,0xb0,0xb4,0xe5,0x88,0x86,0x52,
0x61,0x77,0x3a,0x20,0x3c,0x73,0x70,0x61,0x6e,0x20,0x69,0x64,0x3d,0x22,0x73,0x6f,0x69,0x6c,0x2d,0x72,
0x61,0x77,0x2d,0x73,0x75,0x62,0x22,0x20,0x63,0x6c,0x61,0x73,0x73,0x3d,0x22,0x66,0x6f,0x6e,0x74,0x2d,
0x62,0x6f,0x6c,0x64,0x20,0x74,0x65,0x78,0x74,0x2d,0x77,0x68,0x69,0x74,0x65,0x22,0x3e,0x2d,0x2d,0x3c,
0x2f,0x73,0x70,0x61,0x6e,0x3e,0x20,0x26,0x62,0x75,0x6c,0x6c,0x3b,0x20,0xe8,0x92,0xb8,0xe6,0x95,0xa3,
0xe5,0x86,0xb7,0xe5,0x8d,0xb4,0xe4,0xbd,0x9c,0xe5,0x8b,0x95,0xe4,0xb8,0xad,0x0a,0x20,0x20,0x20,0x20,
0x20,0x20,0x20,0x20,0x20,0x20,0x20,0x20,0x20,0x20,0x20,0x20,0x3c,0x2f,0x64,0x69,0x76,0x3e,0x0a,0x20,
0x20,0x20,0x20,0x20,0x20,0x20,0x20,0x20,0x20,0x20,0x20,0x3c,0x2f,0x64,0x69,0x76,0x3e,0x0a,0x0a,0x20,
0x20,0x20,0x20,0x20,0x20,0x20,0x20,0x20,0x20,0x20,0x20,0x3c,0x21,0x2d,0x2d,0x20,0x53,0x74,0x72,0x65,
0x73,0x73,0x20,0x4d,0x65,0x74,0x65,0x72,0x2c,0x20,0x44,0x69,0x61,0x67,0x6e,0x6f,0x73,0x69,0x73,0x20,
0x26,0x20,0x43,0x6f,0x6e,0x74,0x72,0x6f,0x6c,0x73,0x20,0x28,0x37,0x20,0x43,0x6f,0x6c,0x73,0x29,0x20,
0x2d,0x2d,0x3e,0x0a,0x20,0x20,0x20,0x20,0x20,0x20,0x20,0x20,0x20,0x20,0x20,0x20,0x3c,0x64,0x69,0x76,
0x20,0x63,0x6c,0x61,0x73,0x73,0x3d,0x22,0x6c,0x67,0x3a,0x63,0x6f,0x6c,0x2d,0x73,0x70,0x61,0x6e,0x2d,
0x37,0x20,0x66,0x6c,0x65,0x78,0x20,0x66,0x6c,0x65,0x78,0x2d,0x63,0x6f,0x6c,0x20,0x6a,0x75,0x73,0x74,
0x69,0x66,0x79,0x2d,0x62,0x65,0x74,0x77,0x65,0x65,0x6e,0x20,0x67,0x61,0x70,0x2d,0x34,0x22,0x3e,0x0a,
0x20,0x20,0x20,0x20,0x20,0x20,0x20,0x20,0x20,0x20,0x20,0x20,0x20,0x20,0x20,0x20,0x3c,0x64,0x69,0x76,
0x20,0x63,0x6c,0x61,0x73,0x73,0x3d,0x22,0x67,0x72,0x69,0x64,0x20,0x67,0x72,0x69,0x64,0x2d,0x63,0x6f,
0x6c,0x73,0x2d,0x31,0x20,0x73,0x6d,0x3a,0x67,0x72,0x69,0x64,0x2d,0x63,0x6f,0x6c,0x73,0x2d,0x32,0x20,
0x67,0x61,0x70,0x2d,0x34,0x22,0x3e,0x0a,0x20,0x20,0x20,0x20,0x20,0x20,0x20,0x20,0x20,0x20,0x20,0x20,
0x20,0x20,0x20,0x20,0x20,0x20,0x20,0x20,0x3c,0x21,0x2d,0x2d,0x20,0x53,0x74,0x72,0x65,0x73,0x73,0x20,
0x42,0x61,0x72,0x6f,0x6d,0x65,0x74,0x65,0x72,0x20,0x2d,0x2d,0x3e,0x0a,0x20,0x20,0x20,0x20,0x20,0x20,
0x20,0x20,0x20,0x20,0x20,0x20,0x20,0x20,0x20,0x20,0x20,0x20,0x20,0x20,0x3c,0x64,0x69,0x76,0x20,0x63,
0x6c,0x61,0x73,0x73,0x3d,0x22,0x62,0x67,0x2d,0x73,0x6c,0x61,0x74,0x65,0x2d,0x38,0x30,0x30,0x2f,0x36,
0x30,0x20,0x72,0x6f,0x75,0x6e,0x64,0x65,0x64,0x2d,0x32,0x78,0x6c,0x20,0x70,0x2d,0x35,0x20,0x62,0x6f,
0x72,0x64,0x65,0x72,0x20,0x62,0x6f,0x72,0x64,0x65,0x72,0x2d,0x73,0x6c,0x61,0x74,0x65,0x2d,0x37,0x30,
0x30,0x2f,0x36,0x30,0x20,0x66,0x6c,0x65,0x78,0x20,0x66,0x6c,0x65,0x78,0x2d,0x63,0x6f,0x6c,0x20,0x69,
0x74,0x65,0x6d,0x73,0x2d,0x63,0x65,0x6e,0x74,0x65,0x72,0x20,0x6a,0x75,0x73,0x74,0x69,0x66,0x79,0x2d,
0x63,0x65,0x6e,0x74,0x65,0x72,0x20,0x72,0x65,0x6c,0x61,0x74,0x69,0x76,0x65,0x22,0x3e,0x0a,0x20,0x20,
0x20,0x20,0x20,0x20,0x20,0x20,0x20,0x20,0x20,0x20,0x20,0x20,0x20,0x20,0x20,0x20,0x20,0x20,0x20,0x20,
0x20,0x20,0x3c,0x73,0x70,0x61,0x6e,0x20,0x63,0x6c,0x61,0x73,0x73,0x3d,0x22,0x74,0x65,0x78,0x74,0x2d,
0x78,0x73,0x20,0x66,0x6f,0x6e,0x74,0x2d,0x73,0x65,0x6d,0x69,0x62,0x6f,0x6c,0x64,0x20,0x74,0x65,0x78,
0x74,0x2d,0x73,0x6c,0x61,0x74,0x65,0x2d,0x34,0x30,0x30,0x20,0x75,0x70,0x70,0x65,0x72,0x63,0x61,0x73,
0x65,0x20,0x74,0x72,0x61,0x63,0x6b,0x69,0x6e,0x67,0x2d,0x77,0x69,0x64,0x65,0x72,0x20,0x6d,0x62,0x2d,
0x32,0x22,0x3e,0xe6,0xa4,0x8d,0xe7,0x89,0xa9,0xe3,0x82,0xb9,0xe3,0x83,0x88,0xe3,0x83,0xac,0xe3,0x82,
0xb9,0xe5,0xba,0xa6,0x3c,0x2f,0x73,0x70,0x61,0x6e,0x3e,0x0a,0x20,0x20,0x20,0x20,0x20,0x20,0x20,0x20,
0x20,0x20,0x20,0x20,0x20,0x20,0x20,0x20,0x20,0x20,0x20,0x20,0x20,0x20,0x20,0x20,0x3c,0x64,0x69,0x76,
0x20,0x63,0x6c,0x61,0x73,0x73,0x3d,0x22,0x72,0x65,0x6c,0x61,0x74,0x69,0x76,0x65,0x20,0x77,0x2d,0x33,
0x36,0x20,0x68,0x2d,0x33,0x36,0x20,0x66,0x6c,0x65,0x78,0x20,0x69,0x74,0x65,0x6d,0x73,0x2d,0x63,0x65,
0x6e,0x74,0x65,0x72,0x20,0x6a,0x75,0x73,0x74,0x69,0x66,0x79,0x2d,0x63,0x65,0x6e,0x74,0x65,0x72,0x22,
0x3e,0x0a,0x20,0x20,0x20,0x20,0x20,0x20,0x20,0x20,0x20,0x20,0x20,0x20,0x20,0x20,0x20,0x20,0x20,0x20,
0x20,0x20,0x20,0x20,0x20,0x20,0x20,0x20,0x20,0x20,0x3c,0x73,0x76,0x67,0x20,0x63,0x6c,0x61,0x73,0x73,
0x3d,0x22,0x77,0x2d,0x66,0x75,0x6c,0x6c,0x20,0x68,0x2d,0x66,0x75,0x6c,0x6c,0x20,0x74,0x72,0x61,0x6e,
0x73,0x66,0x6f,0x72,0x6d,0x20,0x2d,0x72,0x6f,0x74,0x61,0x74,0x65,0x2d,0x39,0x30,0x22,0x20,0x76,0x69,
0x65,0x77,0x42,0x6f,0x78,0x3d,0x22,0x30,0x20,0x30,0x20,0x31,0x30,0x30,0x20,0x31,0x30,0x30,0x22,0x3e,
0x0a,0x20,0x20,0x20,0x20,0x20,0x20,0x20,0x20,0x20,0x20,0x20,0x20,0x20,0x20,0x20,0x20,0x20,0x20,0x20,
0x20,0x20,0x20,0x20,0x20,0x20,0x20,0x20,0x20,0x20,0x20,0x20,0x20,0x3c,0x63,0x69,0x72,0x63,0x6c,0x65,
0x20,0x63,0x78,0x3d,0x22,0x35,0x30,0x22,0x20,0x63,0x79,0x3d,0x22,0x35,0x30,0x22,0x20,0x72,0x3d,0x22,
0x34,0x30,0x22,0x20,0x73,0x74,0x72,0x6f,0x6b,0x65,0x3d,0x22,0x63,0x75,0x72,0x72,0x65,0x6e,0x74,0x43,
0x6f,0x6c,0x6f,0x72,0x22,0x20,0x73,0x74,0x72,0x6f,0x6b,0x65,0x2d,0x77,0x69,0x64,0x74,0x68,0x3d,0x22,
0x38,0x22,0x20,0x63,0x6c,0x61,0x73,0x73,0x3d,0x22,0x74,0x65,0x78,0x74,0x2d,0x73,0x6c,0x61,0x74,0x65,
0x2d,0x37,0x30,0x30,0x2f,0x35,0x30,0x20,0x66,0x69,0x6c,0x6c,0x2d,0x6e,0x6f,0x6e,0x65,0x22,0x20,0x2f,
0x3e,0x0a,0x20,0x20,0x20,0x20,0x20,0x20,0x20,0x20,0x20,0x20,0x20,0x20,0x20,0x20,0x20,0x20,0x20,0x20,
0x20,0x20,0x20,0x20,0x20,0x20,0x20,0x20,0x20,0x20,0x20,0x20,0x20,0x20,0x3c,0x63,0x69,0x72,0x63,0x6c,
0x65,0x20,0x69,0x64,0x3d,0x22,0x73,0x74,0x72,0x65,0x73,0x73,0x2d,0x61,0x72,0x63,0x22,0x20,0x63,0x78,
0x3d,0x22,0x35,0x30,0x22,0x20,0x63,0x79,0x3d,0x22,0x35,0x30,0x22,0x20,0x72,0x3d,0x22,0x34,0x30,0x22,
0x20,0x73,0x74,0x72,0x6f,0x6b,0x65,0x3d,0x22,0x23,0x31,0x30,0x62,0x39,0x38,0x31,0x22,0x20,0x73,0x74,
0x72,0x6f,0x6b,0x65,0x2d,0x77,0x69,0x64,0x74,0x68,0x3d,0x22,0x38,0x22,0x20,0x63,0x6c,0x61,0x73,0x73,
0x3d,0x22,0x67,0x61,0x75,0x67,0x65,0x2d,0x64,0x69,0x61,0x6c,0x20,0x66,0x69,0x6c,0x6c,0x2d,0x6e,0x6f,
0x6e,0x65,0x22,0x20,0x73,0x74,0x72,0x6f,0x6b,0x65,0x2d,0x6c,0x69,0x6e,0x65,0x63,0x61,0x70,0x3d,0x22,
0x72,0x6f,0x75,0x6e,0x64,0x22,0x20,0x73,0x74,0x72,0x6f,0x6b,0x65,0x2d,0x64,0x61,0x73,0x68,0x6f,0x66,
0x66,0x73,0x65,0x74,0x3d,0x22,0x32,0x30,0x30,0x22,0x20,0x2f,0x3e,0x0a,0x20,0x20,0x20,0x20,0x20,0x20,
0x20,0x20,0x20,0x20,0x20,0x20,0x20,0x20,0x20,0x20,0x20,0x20,0x20,0x20,0x20,0x20,0x20,0x20,0x20,0x20,
0x20,0x20,0x3c,0x2f,0x73,0x76,0x67,0x3e,0x0a,0x20,0x20,0x20,0x20,0x20,0x20,0x20,0x20,0x20,0x20,0x20,
0x20,0x20,0x20,0x20,0x20,0x20,0x20,0x20,0x20,0x20,0x20,0x20,0x20,0x20,0x20,0x20,0x20,0x3c,0x64,0x69,
0x76,0x20,0x63,0x6c,0x61,0x73,0x73,0x3d,0x22,0x61,0x62,0x73,0x6f,0x6c,0x75,0x74,0x65,0x20,0x66,0x6c,
0x65,0x78,0x20,0x66,0x6c,0x65,0x78,0x2d,0x63,0x6f,0x6c,0x20,0x69,0x74,0x65,0x6d,0x73,0x2d,0x63,0x65,
0x6e,0x74,0x65,0x72,0x22,0x3e,0x0a,0x20,0x20,0x20,0x20,0x20,0x20,0x20,0x20,0x20,0x20,0x20,0x20,0x20,
0x20,0x20,0x20,0x20,0x20,0x20,0x20,0x20,0x20,0x20,0x20,0x20,0x20,0x20,0x20,0x20,0x20,0x20,0x20,0x3c,
0x73,0x70,0x61,0x6e,0x20,0x69,0x64,0x3d,0x22,0x73,0x74,0x72,0x65,0x73,0x73,0x2d,0x76,0x61,0x6c,0x22,
0x20,0x63,0x6c,0x61,0x73,0x73,0x3d,0x22,0x74,0x65,0x78,0x74,0x2d,0x33,0x78,0x6c,0x20,0x66,0x6f,0x6e,
0x74,0x2d,0x65,0x78,0x74,0x72,0x61,0x62,0x6f,0x6c,0x64,0x20,0x74,0x65,0x78,0x74,0x2d,0x77,0x68,0x69,
0x74,0x65,0x22,0x3e,0x2d,0x2d,0x3c,0x2f,0x73,0x70,0x61,0x6e,0x3e,0x0a,0x20,0x20,0x20,0x20,0x20,0x20,
0x20,0x20,0x20,0x20,0x20,0x20,0x20,0x20,0x20,0x20,0x20,0x20,0x20,0x20,0x20,0x20,0x20,0x20,0x20,0x20,
0x20,0x20,0x20,0x20,0x20,0x20,0x3c,0x73,0x70,0x61,0x6e,0x20,0x63,0x6c,0x61,0x73,0x73,0x3d,0x22,0x74,
0x65,0x78,0x74,0x2d,0x5b,0x31,0x30,0x70,0x78,0x5d,0x20,0x74,0x65,0x78,0x74,0x2d,0x73,0x6c,0x61,0x74,
0x65,0x2d,0x34,0x30,0x30,0x20,0x66,0x6f,0x6e,0x74,0x2d,0x6d,0x65,0x64,0x69,0x75,0x6d,0x22,0x3e,0x2f,
0x20,0x31,0x30,0x30,0x3c,0x2f,0x73,0x70,0x61,0x6e,0x3e,0x0a,0x20,0x20,0x20,0x20,0x20,0x20,0x20,0x20,
0x20,0x20,0x20,0x20,0x20,0x20,0x20,0x20,0x20,0x20,0x20,0x20,0x20,0x20,0x20,0x20,0x20,0x20,0x20,0x20,
0x3c,0x2f,0x64,0x69,0x76,0x3e,0x0a,0x20,0x20,0x20,0x20,0x20,0x20,0x20,0x20,0x20,0x20,0x20,0x20,0x20,
0x20,0x20,0x20,0x20,0x20,0x20,0x20,0x20,0x20,0x20,0x20,0x3c,0x2f,0x64,0x69,0x76,0x3e,0x0a,0x20,0x20,
0x20,0x20,0x20,0x20,0x20,0x20,0x20,0x20,0x20,0x20,0x20,0x20,0x20,0x20,0x20,0x20,0x20,0x20,0x20,0x20,
0x20,0x20,0x3c,0x64,0x69,0x76,0x20,0x69,0x64,0x3d,0x22,0x73,0x74,0x72,0x65,0x73,0x73,0x2d,0x6c,0x61,
0x62,0x65,0x6c,0x22,0x20,0x63,0x6c,0x61,0x73,0x73,0x3d,0x22,0x6d,0x74,0x2d,0x32,0x20,0x74,0x65,0x78,
0x74,0x2d,0x78,0x73,0x20,0x66,0x6f,0x6e,0x74,0x2d,0x73,0x65,0x6d,0x69,0x62,0x6f,0x6c,0x64,0x20,0x70,
0x78,0x2d,0x33,0x20,0x70,0x79,0x2d,0x31,0x20,0x72,0x6f,0x75,0x6e,0x64,0x65,0x64,0x2d,0x66,0x75,0x6c,
0x6c,0x20,0x62,0x67,0x2d,0x65,0x6d,0x65,0x72,0x61,0x6c,0x64,0x2d,0x39,0x35,0x30,0x2f,0x38,0x30,0x20,
0x74,0x65,0x78,0x74,0x2d,0x65,0x6d,0x65,0x72,0x61,0x6c,0x64,0x2d,0x34,0x30,0x30,0x20,0x62,0x6f,0x72,
0x64,0x65,0x72,0x20,0x62,0x6f,0x72,0x64,0x65,0x72,0x2d,0x65,0x6d,0x65,0x72,0x61,0x6c,0x64,0x2d,0x38,
0x30,0x30,0x22,0x3e,0x0a,0x20,0x20,0x20,0x20,0x20,0x20,0x20,0x20,0x20,0x20,0x20,0x20,0x20,0x20,0x20,
0x20,0x20,0x20,0x20,0x20,0x20,0x20,0x20,0x20,0x20,0x20,0x20,0x20,0xe5,0xb9,0xb3,0xe5,0xb8,0xb8,0xe3,
0x83,0xbb,0xe5,0xae,0x89,0xe5,0xae,0x9a,0x0a,0x20,0x20,0x20,0x20,0x20,0x20,0x20,0x20,0x20,0x20,0x20,
0x20,0x20,0x20,0x20,0x20,0x20,0x20,0x20,0x20,0x20,0x20,0x20,0x20,0x3c,0x2f,0x64,0x69,0x76,0x3e,0x0a,
0x20,0x20,0x20,0x20,0x20,0x20,0x20,0x20,0x20,0x20,0x20,0x20,0x20,0x20,0x20,0x20,0x20,0x20,0x20,0x20,
0x3c,0x2f,0x64,0x69,0x76,0x3e,0x0a,0x0a,0x20,0x20,0x20,0x20,0x20,0x20,0x20,0x20,0x20,0x20,0x20,0x20,
0x20,0x20,0x20,0x20,0x20,0x20,0x20,0x20,0x3c,0x21,0x2d,0x2d,0x20,0x44,0x69,0x61,0x67,0x6e,0x6f,0x73,
0x69,0x73,0x20,0x53,0x74,0x61,0x74,0x75,0x73,0x20,0x2d,0x2d,0x3e,0x0a,0x20,0x20,0x20,0x20,0x20,0x20,
0x20,0x20,0x20,0x20,0x20,0x20,0x20,0x20,0x20,0x20,0x20,0x20,0x20,0x20,0x3c,0x64,0x69,0x76,0x20,0x63,
0x6c,0x61,0x73,0x73,0x3d,0x22,0x62,0x67,0x2d,0x73,0x6c,0x61,0x74,0x65,0x2d,0x38,0x30,0x30,0x2f,0x36,
0x30,0x20,0x72,0x6f,0x75,0x6e,0x64,0x65,0x64,0x2d,0x32,0x78,0x6c,0x20,0x70,0x2d,0x35,0x20,0x62,0x6f,
0x72,0x64,0x65,0x72,0x20,0x62,0x6f,0x72,0x64,0x65,0x72,0x2d,0x73,0x6c,0x61,0x74,0x65,0x2d,0x37,0x30,
0x30,0x2f,0x36,0x30,0x20,0x66,0x6c,0x65,0x78,0x20,0x66,0x6c,0x65,0x78,0x2d,0x63,0x6f,0x6c,0x20,0x6a,
0x75,0x73,0x74,0x69,0x66,0x79,0x2d,0x62,0x65,0x74,0x77,0x65,0x65,0x6e,0x22,0x3e,0x0a,0x20,0x20,0x20,
0x20,0x20,0x20,0x20,0x20,0x20,0x20,0x20,0x20,0x20,0x20,0x20,0x20,0x20,0x20,0x20,0x20,0x20,0x20,0x20,
0x20,0x3c,0x64,0x69,0x76,0x3e,0x0a,0x20,0x20,0x20,0x20,0x20,0x20,0x20,0x20,0x20,0x20,0x20,0x20,0x20,
0x20,0x20,0x20,0x20,0x20,0x20,0x20,0x20,0x20,0x20,0x20,0x20,0x20,0x20,0x20,0x3c,0x64,0x69,0x76,0x20,
0x63,0x6c,0x61,0x73,0x73,0x3d,0x22,0x74,0x65,0x78,0x74,0x2d,0x78,0x73,0x20,0x66,0x6f,0x6e,0x74,0x2d,
0x73,0x65,0x6d,0x69,0x62,0x6f,0x6c,0x64,0x20,0x74,0x65,0x78,0x74,0x2d,0x73,0x6c,0x61,0x74,0x65,0x2d,
0x34,0x30,0x30,0x20,0x75,0x70,0x70,0x65,0x72,0x63,0x61,0x73,0x65,0x20,0x74,0x72,0x61,0x63,0x6b,0x69,
0x6e,0x67,0x2d,0x77,0x69,0x64,0x65,0x72,0x20,0x6d,0x62,0x2d,0x32,0x22,0x3e,0x41,0x49,0x20,0xe7,0xb7,
0x8f,0xe5,0x90,0x88,0xe8,0xa8,0xba,0xe6,0x96,0xad,0xe3,0x82,0xb9,0xe3,0x83,0x86,0xe3,0x83,0xbc,0xe3,
0x82,0xbf,0xe3,0x82,0xb9,0x3c,0x2f,0x64,0x69,0x76,0x3e,0x0a,0x20,0x20,0x20,0x20,0x20,0x20,0x20,0x20,
0x20,0x20,0x20,0x20,0x20,0x20,0x20,0x20,0x20,0x20,0x20,0x20,0x20,0x20,0x20,0x20,0x20,0x20,0x20,0x20,
0x3c,0x64,0x69,0x76,0x20,0x69,0x64,0x3d,0x22,0x73,0x74,0x61,0x74,0x75,0x73,0x2d,0x76,0x61,0x6c,0x22,
0x20,0x63,0x6c,0x61,0x73,0x73,0x3d,0x22,0x74,0x65,0x78,0x74,0x2d,0x32,0x78,0x6c,0x20,0x66,0x6f,0x6e,
0x74,0x2d,0x62,0x6f,0x6c,0x64,0x20,0x74,0x65,0x78,0x74,0x2d,0x77,0x68,0x69,0x74,0x65,0x20,0x6d,0x62,
0x2d,0x32,0x22,0x3e,0x48,0x45,0x41,0x4c,0x54,0x48,0x59,0x3c,0x2f,0x64,0x69,0x76,0x3e,0x0a,0x20,0x20,
0x20,0x20,0x20,0x20,0x20,0x20,0x20,0x20,0x20,0x20,0x20,0x20,0x20,0x20,0x20,0x20,0x20,0x20,0x20,0x20,
0x20,0x20,0x20,0x20,0x20,0x20,0x3c,0x64,0x69,0x76,0x20,0x69,0x64,0x3d,0x22,0x73,0x74,0x61,0x74,0x75,
0x73,0x2d,0x64,0x65,0x73,0x63,0x22,0x20,0x63,0x6c,0x61,0x73,0x73,0x3d,0x22,0x74,0x65,0x78,0x74,0x2d,
0x78,0x73,0x20,0x74,0x65,0x78,0x74,0x2d,0x73,0x6c,0x61,0x74,0x65,0x2d,0x34,0x30,0x30,0x20,0x6c,0x65,
0x61,0x64,0x69,0x6e,0x67,0x2d,0x72,0x65,0x6c,0x61,0x78,0x65,0x64,0x22,0x3e,0xe5,0xb9,0xb3,0xe5,0xb8,
0xb8,0xe7,0x8a,0xb6,0xe6,0x85,0x8b,0xe3,0x82,0x92,0xe7,0xb6,0xad,0xe6,0x8c,0x81,0xe3,0x81,0x97,0xe3,
0x81,0xa6,0xe3,0x81,0x84,0xe3,0x81,0xbe,0xe3,0x81,0x99,0xe3,0x80,0x82,0xe8,0x92,0xb8,0xe6,0x95,0xa3,
0xe3,0x83,0xbb,0xe5,0x90,0xb8,0xe6,0xb0,0xb4,0xe3,0x81,0xa8,0xe3,0x82,0x82,0xe3,0x81,0xab,0xe6,0xad,
0xa3,0xe5,0xb8,0xb8,0xe3,0x81,0xa7,0xe3,0x81,0x99,0xe3,0x80,0x82,0x3c,0x2f,0x64,0x69,0x76,0x3e,0x0a,
0x20,0x20,0x20,0x20,0x20,0x20,0x20,0x20,0x20,0x20,0x20,0x20,0x20,0x20,0x20,0x20,0x20,0x20,0x20,0x20,
0x20,0x20,0x20,0x20,0x3c,0x2f,0x64,0x69,0x76,0x3e,0x0a,0x20,0x20,0x20,0x20,0x20,0x20,0x20,0x20,0x20,
0x20,0x20,0x20,0x20,0x20,0x20,0x20,0x20,0x20,0x20,0x20,0x20,0x20,0x20,0x20,0x3c,0x64,0x69,0x76,0x20,
0x63,0x6c,0x61,0x73,0x73,0x3d,0x22,0x70,0x74,0x2d,0x33,0x20,0x62,0x6f,0x72,0x64,0x65,0x72,0x2d,0x74,
0x20,0x62,0x6f,0x72,0x64,0x65,0x72,0x2d,0x73,0x6c,0x61,0x74,0x65,0x2d,0x37,0x30,0x30,0x2f,0x35,0x30,
0x20,0x66,0x6c,0x65,0x78,0x20,0x6a,0x75,0x73,0x74,0x69,0x66,0x79,0x2d,0x62,0x65,0x74,0x77,0x65,0x65,
0x6e,0x20,0x69,0x74,0x65,0x6d,0x73,0x2d,0x63,0x65,0x6e,0x74,0x65,0x72,0x20,0x74,0x65,0x78,0x74,0x2d,
0x78,0x73,0x22,0x3e,0x0a,0x20,0x20,0x20,0x20,0x20,0x20,0x20,0x20,0x20,0x20,0x20,0x20,0x20,0x20,0x20,
0x20,0x20,0x20,0x20,0x20,0x20,0x20,0x20,0x20,0x20,0x20,0x20,0x20,0x3c,0x73,0x70,0x61,0x6e,0x20,0x63,
0x6c,0x61,0x73,0x73,0x3d,0x22,0x74,0x65,0x78,0x74,0x2d,0x73,0x6c,0x61,0x74,0x65,0x2d,0x34,0x30,0x30,
0x22,0x3e,0xe5,0x9c,0x9f,0xe5,0xa3,0x8c,0xe3,0x83,0x88,0xe3,0x83,0xac,0xe3,0x83,0xb3,0xe3,0x83,0x89,
0x3a,0x3c,0x2f,0x73,0x70,0x61,0x6e,0x3e,0x0a,0x20,0x20,0x20,0x20,0x20,0x20,0x20,0x20,0x20,0x20,0x20,
0x20,0x20,0x20,0x20,0x20,0x20,0x20,0x20,0x20,0x20,0x20,0x20,0x20,0x20,0x20,0x20,0x20,0x3c,0x73,0x70,
0x61,0x6e,0x20,0x69,0x64,0x3d,0x22,0x73,0x6f,0x69,0x6c,0x2d,0x74,0x72,0x65,0x6e,0x64,0x2d,0x76,0x61,
0x6c,0x22,0x20,0x63,0x6c,0x61,0x73,0x73,0x3d,0x22,0x66,0x6f,0x6e,0x74,0x2d,0x62,0x6f,0x6c,0x64,0x20,
0x74,0x65,0x78,0x74,0x2d,0x73,0x6b,0x79,0x2d,0x34,0x30,0x30,0x22,0x3e,0x53,0x54,0x41,0x42,0x4c,0x45,
0x3c,0x2f,0x73,0x70,0x61,0x6e,0x3e,0x0a,0x20,0x20,0x20,0x20,0x20,0x20,0x20,0x20,0x20,0x20,0x20,0x20,
0x20,0x20,0x20,0x20,0x20,0x20,0x20,0x20,0x20,0x20,0x20,0x20,0x3c,0x2f,0x64,0x69,0x76,0x3e,0x0a,0x20,
0x20,0x20,0x20,0x20,0x20,0x20,0x20,0x20,0x20,0x20,0x20,0x20,0x20,0x20,0x20,0x20,0x20,0x20,0x20,0x3c,
0x2f,0x64,0x69,0x76,0x3e,0x0a,0x20,0x20,0x20,0x20,0x20,0x20,0x20,0x20,0x20,0x20,0x20,0x20,0x20,0x20,
0x20,0x20,0x3c,0x2f,0x64,0x69,0x76,0x3e,0x0a,0x0a,0x20,0x20,0x20,0x20,0x20,0x20,0x20,0x20,0x20,0x20,
0x20,0x20,0x20,0x20,0x20,0x20,0x3c,0x21,0x2d,0x2d,0x20,0x57,0x61,0x74,0x65,0x72,0x69,0x6e,0x67,0x20,
0x26,0x20,0x44,0x65,0x6d,0x6f,0x20,0x43,0x6f,0x6e,0x74,0x72,0x6f,0x6c,0x20,0x2d,0x2d,0x3e,0x0a,0x20,
0x20,0x20,0x20,0x20,0x20,0x20,0x20,0x20,0x20,0x20,0x20,0x20,0x20,0x20,0x20,0x3c,0x64,0x69,0x76,0x20,
0x63,0x6c,0x61,0x73,0x73,0x3d,0x22,0x62,0x67,0x2d,0x73,0x6c,0x61,0x74,0x65,0x2d,0x38,0x30,0x30,0x2f,
0x36,0x30,0x20,0x72,0x6f,0x75,0x6e,0x64,0x65,0x64,0x2d,0x32,0x78,0x6c,0x20,0x70,0x2d,0x34,0x20,0x62,
0x6f,0x72,0x64,0x65,0x72,0x20,0x62,0x6f,0x72,0x64,0x65,0x72,0x2d,0x73,0x6c,0x61,0x74,0x65,0x2d,0x37,
0x30,0x30,0x2f,0x36,0x30,0x20,0x66,0x6c,0x65,0x78,0x20,0x66,0x6c,0x65,0x78,0x2d,0x63,0x6f,0x6c,0x20,
0x73,0x6d,0x3a,0x66,0x6c,0x65,0x78,0x2d,0x72,0x6f,0x77,0x20,0x69,0x74,0x65,0x6d,0x73,0x2d,0x63,0x65,
0x6e,0x74,0x65,0x72,0x20,0x6a,0x75,0x73,0x74,0x69,0x66,0x79,0x2d,0x62,0x65,0x74,0x77,0x65,0x65,0x6e,
0x20,0x67,0x61,0x70,0x2d,0x34,0x22,0x3e,0x0a,0x20,0x20,0x20,0x20,0x20,0x20,0x20,0x20,0x20,0x20,0x20,
0x20,0x20,0x20,0x20,0x20,0x20,0x20,0x20,0x20,0x3c,0x64,0x69,0x76,0x20,0x63,0x6c,0x61,0x73,0x73,0x3d,
0x22,0x66,0x6c,0x65,0x78,0x20,0x69,0x74,0x65,0x6d,0x73,0x2d,0x63,0x65,0x6e,0x74,0x65,0x72,0x20,0x73,
0x70,0x61,0x63,0x65,0x2d,0x78,0x2d,0x32,0x22,0x3e,0x0a,0x20,0x20,0x20,0x20,0x20,0x20,0x20,0x20,0x20,
0x20,0x20,0x20,0x20,0x20,0x20,0x20,0x20,0x20,0x20,0x20,0x20,0x20,0x20,0x20,0x3c,0x73,0x70,0x61,0x6e,
0x20,0x69,0x64,0x3d,0x22,0x74,0x61,0x6e,0x6b,0x2d,0x62,0x61,0x64,0x67,0x65,0x22,0x20,0x63,0x6c,0x61,
0x73,0x73,0x3d,0x22,0x70,0x78,0x2d,0x32,0x2e,0x35,0x20,0x70,0x79,0x2d,0x31,0x20,0x72,0x6f,0x75,0x6e,
0x64,0x65,0x64,0x20,0x74,0x65,0x78,0x74,0x2d,0x78,0x73,0x20,0x66,0x6f,0x6e,0x74,0x2d,0x62,0x6f,0x6c,
0x64,0x20,0x62,0x67,0x2d,0x65,0x6d,0x65,0x72,0x61,0x6c,0x64,0x2d,0x39,0x35,0x30,0x20,0x74,0x65,0x78,
0x74,0x2d,0x65,0x6d,0x65,0x72,0x61,0x6c,0x64,0x2d,0x34,0x30,0x30,0x20,0x62,0x6f,0x72,0x64,0x65,0x72,
0x20,0x62,0x6f,0x72,0x64,0x65,0x72,0x2d,0x65,0x6d,0x65,0x72,0x61,0x6c,0x64,0x2d,0x38,0x30,0x30,0x22,
0x3e,0x0a,0x20,0x20,0x20,0x20,0x20,0x20,0x20,0x20,0x20,0x20,0x20,0x20,0x20,0x20,0x20,0x20,0x20,0x20,
0x20,0x20,0x20,0x20,0x20,0x20,0x20,0x20,0x20,0x20,0xe3,0x82,0xbf,0xe3,0x83,0xb3,0xe3,0x82,0xaf,0xe6,
0xba,0x80,0xe6,0xb0,0xb4,0x0a,0x20,0x20,0x20,0x20,0x20,0x20,0x20,0x20,0x20,0x20,0x20,0x20,0x20,0x20,
0x20,0x20,0x20,0x20,0x20,0x20,0x20,0x20,0x20,0x20,0x3c,0x2f,0x73,0x70,0x61,0x6e,0x3e,0x0a,0x20,0x20,
0x20,0x20,0x20,0x20,0x20,0x20,0x20,0x20,0x20,0x20,0x20,0x20,0x20,0x20,0x20,0x20,0x20,0x20,0x20,0x20,
0x20,0x20,0x3c,0x73,0x70,0x61,0x6e,0x20,0x69,0x64,0x3d,0x22,0x70,0x75,0x6d,0x70,0x2d,0x62,0x61,0x64,
0x67,0x65,0x22,0x20,0x63,0x6c,0x61,0x73,0x73,0x3d,0x22,0x70,0x78,0x2d,0x32,0x2e,0x35,0x20,0x70,0x79,
0x2d,0x31,0x20,0x72,0x6f,0x75,0x6e,0x64,0x65,0x64,0x20,0x74,0x65,0x78,0x74,0x2d,0x78,0x73,0x20,0x66,
0x6f,0x6e,0x74,0x2d,0x62,0x6f,0x6c,0x64,0x20,0x62,0x67,0x2d,0x73,0x6c,0x61,0x74,0x65,0x2d,0x37,0x30,
0x30,0x20,0x74,0x65,0x78,0x74,0x2d,0x73,0x6c,0x61,0x74,0x65,0x2d,0x33,0x30,0x30,0x22,0x3e,0x0a,0x20,
0x20,0x20,0x20,0x20,0x20,0x20,0x20,0x20,0x20,0x20,0x20,0x20,0x20,0x20,0x20,0x20,0x20,0x20,0x20,0x20,
0x20,0x20,0x20,0x20,0x20,0x20,0x20,0xe3,0x83,0x9d,0xe3,0x83,0xb3,0xe3,0x83,0x97,0xe5,0x81,0x9c,0xe6,
0xad,0xa2,0x0a,0x20,0x20,0x20,0x20,0x20,0x20,0x20,0x20,0x20,0x20,0x20,0x20,0x20,0x20,0x20,0x20,0x20,
0x20,0x20,0x20,0x20,0x20,0x20,0x20,0x3c,0x2f,0x73,0x70,0x61,0x6e,0x3e,0x0a,0x20,0x20,0x20,0x20,0x20,
0x20,0x20,0x20,0x20,0x20,0x20,0x20,0x20,0x20,0x20,0x20,0x20,0x20,0x20,0x20,0x20,0x20,0x20,0x20,0x3c,
0x64,0x69,0x76,0x20,0x63,0x6c,0x61,0x73,0x73,0x3d,0x22,0x66,0x6c,0x65,0x78,0x20,0x69,0x74,0x65,0x6d,
0x73,0x2d,0x63,0x65,0x6e,0x74,0x65,0x72,0x20,0x73,0x70,0x61,0x63,0x65,0x2d,0x78,0x2d,0x32,0x20,0x62,
0x67,0x2d,0x73,0x6c,0x61,0x74,0x65,0x2d,0x39,0x30,0x30,0x2f,0x38,0x30,0x20,0x70,0x78,0x2d,0x32,0x2e,
0x35,0x20,0x70,0x79,0x2d,0x31,0x20,0x72,0x6f,0x75,0x6e,0x64,0x65,0x64,0x20,0x62,0x6f,0x72,0x64,0x65,
0x72,0x20,0x62,0x6f,0x72,0x64,0x65,0x72,0x2d,0x73,0x6c,0x61,0x74,0x65,0x2d,0x37,0x30,0x30,0x20,0x74,
0x65,0x78,0x74,0x2d,0x78,0x73,0x20,0x6d,0x6c,0x2d,0x32,0x22,0x3e,0x0a,0x20,0x20,0x20,0x20,0x20,0x20,
0x20,0x20,0x20,0x20,0x20,0x20,0x20,0x20,0x20,0x20,0x20,0x20,0x20,0x20,0x20,0x20,0x20,0x20,0x20,0x20,
0x20,0x20,0x3c,0x73,0x70,0x61,0x6e,0x20,0x63,0x6c,0x61,0x73,0x73,0x3d,0x22,0x74,0x65,0x78,0x74,0x2d,
0x73,0x6c,0x61,0x74,0x65,0x2d,0x34,0x30,0x30,0x20,0x74,0x65,0x78,0x74,0x2d,0x5b,0x31,0x31,0x70,0x78,
0x5d,0x22,0x3e,0xe3,0x83,0x87,0xe3,0x83,0xa2,0x3a,0x3c,0x2f,0x73,0x70,0x61,0x6e,0x3e,0x0a,0x20,0x20,
0x20,0x20,0x20,0x20,0x20,0x20,0x20,0x20,0x20,0x20,0x20,0x20,0x20,0x20,0x20,0x20,0x20,0x20,0x20,0x20,
0x20,0x20,0x20,0x20,0x20,0x20,0x3c,0x69,0x6e,0x70,0x75,0x74,0x20,0x74,0x79,0x70,0x65,0x3d,0x22,0x63,
0x68,0x65,0x63,0x6b,0x62,0x6f,0x78,0x22,0x20,0x69,0x64,0x3d,0x22,0x64,0x65,0x6d,0x6f,0x2d,0x74,0x6f,
0x67,0x67,0x6c,0x65,0x22,0x20,0x6f,0x6e,0x63,0x68,0x61,0x6e,0x67,0x65,0x3d,0x22,0x74,0x6f,0x67,0x67,
0x6c,0x65,0x44,0x65,0x6d,0x6f,0x28,0x74,0x68,0x69,0x73,0x2e,0x63,0x68,0x65,0x63,0x6b,0x65,0x64,0x29,
0x22,0x20,0x63,0x6c,0x61,0x73,0x73,0x3d,0x22,0x61,0x63,0x63,0x65,0x6e,0x74,0x2d,0x65,0x6d,0x65,0x72,
0x61,0x6c,0x64,0x2d,0x35,0x30,0x30,0x20,0x63,0x75,0x72,0x73,0x6f,0x72,0x2d,0x70,0x6f,0x69,0x6e,0x74,
0x65,0x72,0x20,0x77,0x2d,0x33,0x2e,0x35,0x20,0x68,0x2d,0x33,0x2e,0x35,0x22,0x3e,0x0a,0x20,0x20,0x20,
0x20,0x20,0x20,0x20,0x20,0x20,0x20,0x20,0x20,0x20,0x20,0x20,0x20,0x20,0x20,0x20,0x20,0x20,0x20,0x20,
0x20,0x3c,0x2f,0x64,0x69,0x76,0x3e,0x0a,0x20,0x20,0x20,0x20,0x20,0x20,0x20,0x20,0x20,0x20,0x20,0x20,
0x20,0x20,0x20,0x20,0x20,0x20,0x20,0x20,0x3c,0x2f,0x64,0x69,0x76,0x3e,0x0a,0x0a,0x20,0x20,0x20,0x20,
0x20,0x20,0x20,0x20,0x20,0x20,0x20,0x20,0x20,0x20,0x20,0x20,0x20,0x20,0x20,0x20,0x3c,0x62,0x75,0x74,
0x74,0x6f,0x6e,0x20,0x69,0x64,0x3d,0x22,0x77,0x61,0x74,0x65,0x72,0x2d,0x62,0x74,0x6e,0x22,0x20,0x6f,
0x6e,0x63,0x6c,0x69,0x63,0x6b,0x3d,0x22,0x74,0x72,0x69,0x67,0x67,0x65,0x72,0x57,0x61,0x74,0x65,0x72,
0x69,0x6e,0x67,0x28,0x29,0x22,0x20,0x63,0x6c,0x61,0x73,0x73,0x3d,0x22,0x77,0x2d,0x66,0x75,0x6c,0x6c,
0x20,0x73,0x6d,0x3a,0x77,0x2d,0x61,0x75,0x74,0x6f,0x20,0x62,0x67,0x2d,0x73,0x6b,0x79,0x2d,0x36,0x30,
0x30,0x20,0x68,0x6f,0x76,0x65,0x72,0x3a,0x62,0x67,0x2d,0x73,0x6b,0x79,0x2d,0x35,0x30,0x30,0x20,0x74,
0x65,0x78,0x74,0x2d,0x77,0x68,0x69,0x74,0x65,0x20,0x74,0x65,0x78,0x74,0x2d,0x78,0x73,0x20,0x66,0x6f,
0x6e,0x74,0x2d,0x62,0x6f,0x6c,0x64,0x20,0x70,0x79,0x2d,0x32,0x2e,0x35,0x20,0x70,0x78,0x2d,0x35,0x20,
0x72,0x6f,0x75,0x6e,0x64,0x65,0x64,0x2d,0x78,0x6c,0x20,0x73,0x68,0x61,0x64,0x6f,0x77,0x2d,0x6c,0x67,
0x20,0x74,0x72,0x61,0x6e,0x73,0x69,0x74,0x69,0x6f,0x6e,0x20,0x66,0x6c,0x65,0x78,0x20,0x69,0x74,0x65,
0x6d,0x73,0x2d,0x63,0x65,0x6e,0x74,0x65,0x72,0x20,0x6a,0x75,0x73,0x74,0x69,0x66,0x79,0x2d,0x63,0x65,
0x6e,0x74,0x65,0x72,0x20,0x73,0x70,0x61,0x63,0x65,0x2d,0x78,0x2d,0x31,0x2e,0x35,0x20,0x63,0x75,0x72,
0x73,0x6f,0x72,0x2d,0x70,0x6f,0x69,0x6e,0x74,0x65,0x72,0x22,0x3e,0x0a,0x20,0x20,0x20,0x20,0x20,0x20,
0x20,0x20,0x20,0x20,0x20,0x20,0x20,0x20,0x20,0x20,0x20,0x20,0x20,0x20,0x20,0x20,0x20,0x20,0x3c,0x73,
0x70,0x61,0x6e,0x3e,0xf0,0x9f,0x92,0xa7,0x20,0xe6,0x89,0x8b,0xe5,0x8b,0x95,0xe7,0xb5,0xa6,0xe6,0xb0,
0xb4,0xe3,0x83,0x86,0xe3,0x82,0xb9,0xe3,0x83,0x88,0x20,0x28,0x53,0x57,0x34,0x29,0x3c,0x2f,0x73,0x70,
0x61,0x6e,0x3e,0x0a,0x20,0x20,0x20,0x20,0x20,0x20,0x20,0x20,0x20,0x20,0x20,0x20,0x20,0x20,0x20,0x20,
0x20,0x20,0x20,0x20,0x3c,0x2f,0x62,0x75,0x74,0x74,0x6f,0x6e,0x3e,0x0a,0x20,0x20,0x20,0x20,0x20,0x20,
0x20,0x20,0x20,0x20,0x20,0x20,0x20,0x20,0x20,0x20,0x3c,0x2f,0x64,0x69,0x76,0x3e,0x0a,0x20,0x20,0x20,
0x20,0x20,0x20,0x20,0x20,0x20,0x20,0x20,0x20,0x3c,0x2f,0x64,0x69,0x76,0x3e,0x0a,0x20,0x20,0x20,0x20,
0x20,0x20,0x20,0x20,0x3c,0x2f,0x64,0x69,0x76,0x3e,0x0a,0x0a,0x20,0x20,0x20,0x20,0x20,0x20,0x20,0x20,
0x3c,0x21,0x2d,0x2d,0x20,0x36,0x20,0x4d,0x65,0x74,0x72,0x69,0x63,0x73,0x20,0x43,0x61,0x72,0x64,0x73,
0x20,0x47,0x72,0x69,0x64,0x20,0x2d,0x2d,0x3e,0x0a,0x20,0x20,0x20,0x20,0x20,0x20,0x20,0x20,0x3c,0x64,
0x69,0x76,0x20,0x63,0x6c,0x61,0x73,0x73,0x3d,0x22,0x67,0x72,0x69,0x64,0x20,0x67,0x72,0x69,0x64,0x2d,
0x63,0x6f,0x6c,0x73,0x2d,0x32,0x20,0x6d,0x64,0x3a,0x67,0x72,0x69,0x64,0x2d,0x63,0x6f,0x6c,0x73,0x2d,
0x33,0x20,0x6c,0x67,0x3a,0x67,0x72,0x69,0x64,0x2d,0x63,0x6f,0x6c,0x73,0x2d,0x36,0x20,0x67,0x61,0x70,
0x2d,0x33,0x22,0x3e,0x0a,0x20,0x20,0x20,0x20,0x20,0x20,0x20,0x20,0x20,0x20,0x20,0x20,0x3c,0x64,0x69,
0x76,0x20,0x63,0x6c,0x61,0x73,0x73,0x3d,0x22,0x62,0x67,0x2d,0x73,0x6c,0x61,0x74,0x65,0x2d,0x38,0x30,
0x30,0x2f,0x35,0x30,0x20,0x72,0x6f,0x75,0x6e,0x64,0x65,0x64,0x2d,0x78,0x6c,0x20,0x70,0x2d,0x33,0x20,
0x62,0x6f,0x72,0x64,0x65,0x72,0x20,0x62,0x6f,0x72,0x64,0x65,0x72,0x2d,0x73,0x6c,0x61,0x74,0x65,0x2d,
0x37,0x30,0x30,0x2f,0x36,0x30,0x22,0x3e,0x0a,0x20,0x20,0x20,0x20,0x20,0x20,0x20,0x20,0x20,0x20,0x20,
0x20,0x20,0x20,0x20,0x20,0x3c,0x64,0x69,0x76,0x20,0x63,0x6c,0x61,0x73,0x73,0x3d,0x22,0x74,0x65,0x78,
0x74,0x2d,0x5b,0x31,0x31,0x70,0x78,0x5d,0x20,0x74,0x65,0x78,0x74,0x2d,0x73,0x6c,0x61,0x74,0x65,0x2d,
0x34,0x30,0x30,0x22,0x3e,0xe6,0xb0,0x97,0xe6,0xb8,0xa9,0x3c,0x2f,0x64,0x69,0x76,0x3e,0x0a,0x20,0x20,
0x20,0x20,0x20,0x20,0x20,0x20,0x20,0x20,0x20,0x20,0x20,0x20,0x20,0x20,0x3c,0x64,0x69,0x76,0x20,0x63,
0x6c,0x61,0x73,0x73,0x3d,0x22,0x74,0x65,0x78,0x74,0x2d,0x78,0x6c,0x20,0x66,0x6f,0x6e,0x74,0x2d,0x62,
0x6f,0x6c,0x64,0x20,0x74,0x65,0x78,0x74,0x2d,0x77,0x68,0x69,0x74,0x65,0x20,0x6d,0x74,0x2d,0x31,0x22,
0x3e,0x3c,0x73,0x70,0x61,0x6e,0x20,0x69,0x64,0x3d,0x22,0x61,0x69,0x72,0x2d,0x74,0x65,0x6d,0x70,0x22,
0x3e,0x2d,0x2d,0x3c,0x2f,0x73,0x70,0x61,0x6e,0x3e,0x20,0x26,0x64,0x65,0x67,0x3b,0x43,0x3c,0x2f,0x64,
0x69,0x76,0x3e,0x0a,0x20,0x20,0x20,0x20,0x20,0x20,0x20,0x20,0x20,0x20,0x20,0x20,0x20,0x20,0x20,0x20,
0x3c,0x64,0x69,0x76,0x20,0x63,0x6c,0x61,0x73,0x73,0x3d,0x22,0x74,0x65,0x78,0x74,0x2d,0x5b,0x31,0x30,
0x70,0x78,0x5d,0x20,0x74,0x65,0x78,0x74,0x2d,0x73,0x6c,0x61,0x74,0x65,0x2d,0x35,0x30,0x30,0x20,0x6d,
0x74,0x2d,0x31,0x22,0x3e,0x42,0x4d,0x45,0x32,0x38,0x30,0x3c,0x2f,0x64,0x69,0x76,0x3e,0x0a,0x20,0x20,
0x20,0x20,0x20,0x20,0x20,0x20,0x20,0x20,0x20,0x20,0x3c,0x2f,0x64,0x69,0x76,0x3e,0x0a,0x20,0x20,0x20,
0x20,0x20,0x20,0x20,0x20,0x20,0x20,0x20,0x20,0x3c,0x64,0x69,0x76,0x20,0x63,0x6c,0x61,0x73,0x73,0x3d,
0x22,0x62,0x67,0x2d,0x73,0x6c,0x61,0x74,0x65,0x2d,0x38,0x30,0x30,0x2f,0x35,0x30,0x20,0x72,0x6f,0x75,
0x6e,0x64,0x65,0x64,0x2d,0x78,0x6c,0x20,0x70,0x2d,0x33,0x20,0x62,0x6f,0x72,0x64,0x65,0x72,0x20,0x62,
0x6f,0x72,0x64,0x65,0x72,0x2d,0x73,0x6c,0x61,0x74,0x65,0x2d,0x37,0x30,0x30,0x2f,0x36,0x30,0x22,0x3e,
0x0a,0x20,0x20,0x20,0x20,0x20,0x20,0x20,0x20,0x20,0x20,0x20,0x20,0x20,0x20,0x20,0x20,0x3c,0x64,0x69,
0x76,0x20,0x63,0x6c,0x61,0x73,0x73,0x3d,0x22,0x74,0x65,0x78,0x74,0x2d,0x5b,0x31,0x31,0x70,0x78,0x5d,
0x20,0x74,0x65,0x78,0x74,0x2d,0x73,0x6c,0x61,0x74,0x65,0x2d,0x34,0x30,0x30,0x22,0x3e,0xe6,0xb9,0xbf,
0xe5,0xba,0xa6,0x3c,0x2f,0x64,0x69,0x76,0x3e,0x0a,0x20,0x20,0x20,0x20,0x20,0x20,0x20,0x20,0x20,0x20,
0x20,0x20,0x20,0x20,0x20,0x20,0x3c,0x64,0x69,0x76,0x20,0x63,0x6c,0x61,0x73,0x73,0x3d,0x22,0x74,0x65,
0x78,0x74,0x2d,0x78,0x6c,0x20,0x66,0x6f,0x6e,0x74,0x2d,0x62,0x6f,0x6c,0x64,0x20,0x74,0x65,0x78,0x74,
0x2d,0x77,0x68,0x69,0x74,0x65,0x20,0x6d,0x74,0x2d,0x31,0x22,0x3e,0x3c,0x73,0x70,0x61,0x6e,0x20,0x69,
0x64,0x3d,0x22,0x68,0x75,0x6d,0x69,0x64,0x69,0x74,0x79,0x22,0x3e,0x2d,0x2d,0x3c,0x2f,0x73,0x70,0x61,
0x6e,0x3e,0x20,0x25,0x3c,0x2f,0x64,0x69,0x76,0x3e,0x0a,0x20,0x20,0x20,0x20,0x20,0x20,0x20,0x20,0x20,
0x20,0x20,0x20,0x20,0x20,0x20,0x20,0x3c,0x64,0x69,0x76,0x20,0x63,0x6c,0x61,0x73,0x73,0x3d,0x22,0x74,
0x65,0x78,0x74,0x2d,0x5b,0x31,0x30,0x70,0x78,0x5d,0x20,0x74,0x65,0x78,0x74,0x2d,0x73,0x6c,0x61,0x74,
0x65,0x2d,0x35,0x30,0x30,0x20,0x6d,0x74,0x2d,0x31,0x22,0x3e,0x42,0x4d,0x45,0x32,0x38,0x30,0x3c,0x2f,
0x64,0x69,0x76,0x3e,0x0a,0x20,0x20,0x20,0x20,0x20,0x20,0x20,0x20,0x20,0x20,0x20,0x20,0x3c,0x2f,0x64,
0x69,0x76,0x3e,0x0a,0x20,0x20,0x20,0x20,0x20,0x20,0x20,0x20,0x20,0x20,0x20,0x20,0x3c,0x64,0x69,0x76,
0x20,0x63,0x6c,0x61,0x73,0x73,0x3d,0x22,0x62,0x67,0x2d,0x73,0x6c,0x61,0x74,0x65,0x2d,0x38,0x30,0x30,
0x2f,0x35,0x30,0x20,0x72,0x6f,0x75,0x6e,0x64,0x65,0x64,0x2d,0x78,0x6c,0x20,0x70,0x2d,0x33,0x20,0x62,
0x6f,0x72,0x64,0x65,0x72,0x20,0x62,0x6f,0x72,0x64,0x65,0x72,0x2d,0x73,0x6c,0x61,0x74,0x65,0x2d,0x37,
0x30,0x30,0x2f,0x36,0x30,0x22,0x3e,0x0a,0x20,0x20,0x20,0x20,0x20,0x20,0x20,0x20,0x20,0x20,0x20,0x20,
0x20,0x20,0x20,0x20,0x3c,0x64,0x69,0x76,0x20,0x63,0x6c,0x61,0x73,0x73,0x3d,0x22,0x74,0x65,0x78,0x74,
0x2d,0x5b,0x31,0x31,0x70,0x78,0x5d,0x20,0x74,0x65,0x78,0x74,0x2d,0x73,0x6c,0x61,0x74,0x65,0x2d,0x34,
0x30,0x30,0x22,0x3e,0xe8,0x91,0x89,0xe6,0xb8,0xa9,0x3c,0x2f,0x64,0x69,0x76,0x3e,0x0a,0x20,0x20,0x20,
0x20,0x20,0x20,0x20,0x20,0x20,0x20,0x20,0x20,0x20,0x20,0x20,0x20,0x3c,0x64,0x69,0x76,0x20,0x63,0x6c,
0x61,0x73,0x73,0x3d,0x22,0x74,0x65,0x78,0x74,0x2d,0x78,0x6c,0x20,0x66,0x6f,0x6e,0x74,0x2d,0x62,0x6f,
0x6c,0x64,0x20,0x74,0x65,0x78,0x74,0x2d,0x65,0x6d,0x65,0x72,0x61,0x6c,0x64,0x2d,0x34,0x30,0x30,0x20,
0x6d,0x74,0x2d,0x31,0x22,0x3e,0x3c,0x73,0x70,0x61,0x6e,0x20,0x69,0x64,0x3d,0x22,0x6c,0x65,0x61,0x66,
0x2d,0x74,0x65,0x6d,0x70,0x22,0x3e,0x2d,0x2d,0x3c,0x2f,0x73,0x70,0x61,0x6e,0x3e,0x20,0x26,0x64,0x65,
0x67,0x3b,0x43,0x3c,0x2f,0x64,0x69,0x76,0x3e,0x0a,0x20,0x20,0x20,0x20,0x20,0x20,0x20,0x20,0x20,0x20,
0x20,0x20,0x20,0x20,0x20,0x20,0x3c,0x64,0x69,0x76,0x20,0x63,0x6c,0x61,0x73,0x73,0x3d,0x22,0x74,0x65,
0x78,0x74,0x2d,0x5b,0x31,0x30,0x70,0x78,0x5d,0x20,0x74,0x65,0x78,0x74,0x2d,0x73,0x6c,0x61,0x74,0x65,
0x2d,0x35,0x30,0x30,0x20,0x6d,0x74,0x2d,0x31,0x22,0x3e,0x53,0x45,0x4e,0x30,0x32,0x30,0x36,0x20,0xe8,
0xb5,0xa4,0xe5,0xa4,0x96,0xe7,0xb7,0x9a,0x3c,0x2f,0x64,0x69,0x76,0x3e,0x0a,0x20,0x20,0x20,0x20,0x20,
0x20,0x20,0x20,0x20,0x20,0x20,0x20,0x3c,0x2f,0x64,0x69,0x76,0x3e,0x0a,0x20,0x20,0x20,0x20,0x20,0x20,
0x20,0x20,0x20,0x20,0x20,0x20,0x3c,0x64,0x69,0x76,0x20,0x63,0x6c,0x61,0x73,0x73,0x3d,0x22,0x62,0x67,
0x2d,0x73,0x6c,0x61,0x74,0x65,0x2d,0x38,0x30,0x30,0x2f,0x35,0x30,0x20,0x72,0x6f,0x75,0x6e,0x64,0x65,
0x64,0x2d,0x78,0x6c,0x20,0x70,0x2d,0x33,0x20,0x62,0x6f,0x72,0x64,0x65,0x72,0x20,0x62,0x6f,0x72,0x64,
0x65,0x72,0x2d,0x73,0x6c,0x61,0x74,0x65,0x2d,0x37,0x30,0x30,0x2f,0x36,0x30,0x22,0x3e,0x0a,0x20,0x20,
0x20,0x20,0x20,0x20,0x20,0x20,0x20,0x20,0x20,0x20,0x20,0x20,0x20,0x20,0x3c,0x64,0x69,0x76,0x20,0x63,
0x6c,0x61,0x73,0x73,0x3d,0x22,0x74,0x65,0x78,0x74,0x2d,0x5b,0x31,0x31,0x70,0x78,0x5d,0x20,0x74,0x65,
0x78,0x74,0x2d,0x73,0x6c,0x61,0x74,0x65,0x2d,0x34,0x30,0x30,0x22,0x3e,0xe8,0x91,0x89,0xe6,0xb8,0xa9,
0x26,0x6d,0x69,0x6e,0x75,0x73,0x3b,0xe6,0xb0,0x97,0xe6,0xb8,0xa9,0xe5,0xb7,0xae,0x20,0x28,0x26,0x44,
0x65,0x6c,0x74,0x61,0x3b,0x54,0x29,0x3c,0x2f,0x64,0x69,0x76,0x3e,0x0a,0x20,0x20,0x20,0x20,0x20,0x20,
0x20,0x20,0x20,0x20,0x20,0x20,0x20,0x20,0x20,0x20,0x3c,0x64,0x69,0x76,0x20,0x63,0x6c,0x61,0x73,0x73,
0x3d,0x22,0x74,0x65,0x78,0x74,0x2d,0x78,0x6c,0x20,0x66,0x6f,0x6e,0x74,0x2d,0x62,0x6f,0x6c,0x64,0x20,
0x74,0x65,0x78,0x74,0x2d,0x74,0x65,0x61,0x6c,0x2d,0x34,0x30,0x30,0x20,0x6d,0x74,0x2d,0x31,0x22,0x3e,
0x3c,0x73,0x70,0x61,0x6e,0x20,0x69,0x64,0x3d,0x22,0x6c,0x65,0x61,0x66,0x2d,0x64,0x69,0x66,0x66,0x22,
0x3e,0x2d,0x2d,0x3c,0x2f,0x73,0x70,0x61,0x6e,0x3e,0x20,0x26,0x64,0x65,0x67,0x3b,0x43,0x3c,0x2f,0x64,
0x69,0x76,0x3e,0x0a,0x20,0x20,0x20,0x20,0x20,0x20,0x20,0x20,0x20,0x20,0x20,0x20,0x20,0x20,0x20,0x20,
0x3c,0x64,0x69,0x76,0x20,0x63,0x6c,0x61,0x73,0x73,0x3d,0x22,0x74,0x65,0x78,0x74,0x2d,0x5b,0x31,0x30,
0x70,0x78,0x5d,0x20,0x74,0x65,0x78,0x74,0x2d,0x73,0x6c,0x61,0x74,0x65,0x2d,0x35,0x30,0x30,0x20,0x6d,
0x74,0x2d,0x31,0x22,0x3e,0xe8,0x92,0xb8,0xe6,0x95,0xa3,0xe6,0x8c,0x87,0xe6,0xa8,0x99,0x3c,0x2f,0x64,
0x69,0x76,0x3e,0x0a,0x20,0x20,0x20,0x20,0x20,0x20,0x20,0x20,0x20,0x20,0x20,0x20,0x3c,0x2f,0x64,0x69,
0x76,0x3e,0x0a,0x20,0x20,0x20,0x20,0x20,0x20,0x20,0x20,0x20,0x20,0x20,0x20,0x3c,0x64,0x69,0x76,0x20,
0x63,0x6c,0x61,0x73,0x73,0x3d,0x22,0x62,0x67,0x2d,0x73,0x6c,0x61,0x74,0x65,0x2d,0x38,0x30,0x30,0x2f,
0x35,0x30,0x20,0x72,0x6f,0x75,0x6e,0x64,0x65,0x64,0x2d,0x78,0x6c,0x20,0x70,0x2d,0x33,0x20,0x62,0x6f,
0x72,0x64,0x65,0x72,0x20,0x62,0x6f,0x72,0x64,0x65,0x72,0x2d,0x73,0x6c,0x61,0x74,0x65,0x2d,0x37,0x30,
0x30,0x2f,0x36,0x30,0x22,0x3e,0x0a,0x20,0x20,0x20,0x20,0x20,0x20,0x20,0x20,0x20,0x20,0x20,0x20,0x20,
0x20,0x20,0x20,0x3c,0x64,0x69,0x76,0x20,0x63,0x6c,0x61,0x73,0x73,0x3d,0x22,0x74,0x65,0x78,0x74,0x2d,
0x5b,0x31,0x31,0x70,0x78,0x5d,0x20,0x74,0x65,0x78,0x74,0x2d,0x73,0x6c,0x61,0x74,0x65,0x2d,0x34,0x30,
0x30,0x22,0x3e,0xe5,0x9c,0x9f,0xe5,0xa3,0x8c,0xe6,0xb0,0xb4,0xe5,0x88,0x86,0x20,0x28,0x52,0x61,0x77,
0x29,0x3c,0x2f,0x64,0x69,0x76,0x3e,0x0a,0x20,0x20,0x20,0x20,0x20,0x20,0x20,0x20,0x20,0x20,0x20,0x20,
0x20,0x20,0x20,0x20,0x3c,0x64,0x69,0x76,0x20,0x63,0x6c,0x61,0x73,0x73,0x3d,0x22,0x74,0x65,0x78,0x74,
0x2d,0x78,0x6c,0x20,0x66,0x6f,0x6e,0x74,0x2d,0x62,0x6f,0x6c,0x64,0x20,0x74,0x65,0x78,0x74,0x2d,0x77,
0x68,0x69,0x74,0x65,0x20,0x6d,0x74,0x2d,0x31,0x22,0x3e,0x3c,0x73,0x70,0x61,0x6e,0x20,0x69,0x64,0x3d,
0x22,0x73,0x6f,0x69,0x6c,0x2d,0x72,0x61,0x77,0x22,0x3e,0x2d,0x2d,0x3c,0x2f,0x73,0x70,0x61,0x6e,0x3e,
0x3c,0x2f,0x64,0x69,0x76,0x3e,0x0a,0x20,0x20,0x20,0x20,0x20,0x20,0x20,0x20,0x20,0x20,0x20,0x20,0x20,
0x20,0x20,0x20,0x3c,0x64,0x69,0x76,0x20,0x63,0x6c,0x61,0x73,0x73,0x3d,0x22,0x74,0x65,0x78,0x74,0x2d,
0x5b,0x31,0x30,0x70,0x78,0x5d,0x20,0x74,0x65,0x78,0x74,0x2d,0x73,0x6c,0x61,0x74,0x65,0x2d,0x35,0x30,
0x30,0x20,0x6d,0x74,0x2d,0x31,0x22,0x3e,0x53,0x45,0x4e,0x30,0x31,0x39,0x33,0x20,0xe9,0x9d,0x99,0xe9,
0x9b,0xbb,0xe5,0xae,0xb9,0xe9,0x87,0x8f,0x3c,0x2f,0x64,0x69,0x76,0x3e,0x0a,0x20,0x20,0x20,0x20,0x20,
0x20,0x20,0x20,0x20,0x20,0x20,0x20,0x3c,0x2f,0x64,0x69,0x76,0x3e,0x0a,0x20,0x20,0x20,0x20,0x20,0x20,
0x20,0x20,0x20,0x20,0x20,0x20,0x3c,0x64,0x69,0x76,0x20,0x63,0x6c,0x61,0x73,0x73,0x3d,0x22,0x62,0x67,
0x2d,0x73,0x6c,0x61,0x74,0x65,0x2d,0x38,0x30,0x30,0x2f,0x35,0x30,0x20,0x72,0x6f,0x75,0x6e,0x64,0x65,
0x64,0x2d,0x78,0x6c,0x20,0x70,0x2d,0x33,0x20,0x62,0x6f,0x72,0x64,0x65,0x72,0x20,0x62,0x6f,0x72,0x64,
0x65,0x72,0x2d,0x73,0x6c,0x61,0x74,0x65,0x2d,0x37,0x30,0x30,0x2f,0x36,0x30,0x22,0x3e,0x0a,0x20,0x20,
0x20,0x20,0x20,0x20,0x20,0x20,0x20,0x20,0x20,0x20,0x20,0x20,0x20,0x20,0x3c,0x64,0x69,0x76,0x20,0x63,
0x6c,0x61,0x73,0x73,0x3d,0x22,0x74,0x65,0x78,0x74,0x2d,0x5b,0x31,0x31,0x70,0x78,0x5d,0x20,0x74,0x65,
0x78,0x74,0x2d,0x73,0x6c,0x61,0x74,0x65,0x2d,0x34,0x30,0x30,0x22,0x3e,0xe7,0x85,0xa7,0xe5,0xba,0xa6,
0x3c,0x2f,0x64,0x69,0x76,0x3e,0x0a,0x20,0x20,0x20,0x20,0x20,0x20,0x20,0x20,0x20,0x20,0x20,0x20,0x20,
0x20,0x20,0x20,0x3c,0x64,0x69,0x76,0x20,0x63,0x6c,0x61,0x73,0x73,0x3d,0x22,0x74,0x65,0x78,0x74,0x2d,
0x78,0x6c,0x20,0x66,0x6f,0x6e,0x74,0x2d,0x62,0x6f,0x6c,0x64,0x20,0x74,0x65,0x78,0x74,0x2d,0x61,0x6d,
0x62,0x65,0x72,0x2d,0x34,0x30,0x30,0x20,0x6d,0x74,0x2d,0x31,0x22,0x3e,0x3c,0x73,0x70,0x61,0x6e,0x20,
0x69,0x64,0x3d,0x22,0x6c,0x75,0x78,0x22,0x3e,0x2d,0x2d,0x3c,0x2f,0x73,0x70,0x61,0x6e,0x3e,0x20,0x6c,
0x78,0x3c,0x2f,0x64,0x69,0x76,0x3e,0x0a,0x20,0x20,0x20,0x20,0x20,0x20,0x20,0x20,0x20,0x20,0x20,0x20,
0x20,0x20,0x20,0x20,0x3c,0x64,0x69,0x76,0x20,0x63,0x6c,0x61,0x73,0x73,0x3d,0x22,0x74,0x65,0x78,0x74,
0x2d,0x5b,0x31,0x30,0x70,0x78,0x5d,0x20,0x74,0x65,0x78,0x74,0x2d,0x73,0x6c,0x61,0x74,0x65,0x2d,0x35,
0x30,0x30,0x20,0x6d,0x74,0x2d,0x31,0x22,0x3e,0x53,0x45,0x4e,0x30,0x32,0x32,0x38,0x20,0xe7,0x85,0xa7,
0xe5,0xba,0xa6,0x3c,0x2f,0x64,0x69,0x76,0x3e,0x0a,0x20,0x20,0x20,0x20,0x20,0x20,0x20,0x20,0x20,0x20,
0x20,0x20,0x3c,0x2f,0x64,0x69,0x76,0x3e,0x0a,0x20,0x20,0x20,0x20,0x20,0x20,0x20,0x20,0x3c,0x2f,0x64,
0x69,0x76,0x3e,0x0a,0x0a,0x20,0x20,0x20,0x20,0x20,0x20,0x20,0x20,0x3c,0x21,0x2d,0x2d,0x20,0x53,0x65,
0x72,0x76,0x65,0x72,0x20,0x50,0x43,0x20,0x4c,0x6f,0x67,0x67,0x69,0x6e,0x67,0x20,0x4e,0x6f,0x74,0x69,
0x63,0x65,0x20,0x42,0x61,0x6e,0x6e,0x65,0x72,0x20,0x2d,0x2d,0x3e,0x0a,0x20,0x20,0x20,0x20,0x20,0x20,
0x20,0x20,0x3c,0x64,0x69,0x76,0x20,0x63,0x6c,0x61,0x73,0x73,0x3d,0x22,0x62,0x67,0x2d,0x73,0x6c,0x61,
0x74,0x65,0x2d,0x38,0x30,0x30,0x2f,0x34,0x30,0x20,0x72,0x6f,0x75,0x6e,0x64,0x65,0x64,0x2d,0x78,0x6c,
0x20,0x70,0x2d,0x33,0x2e,0x35,0x20,0x62,0x6f,0x72,0x64,0x65,0x72,0x20,0x62,0x6f,0x72,0x64,0x65,0x72,
0x2d,0x73,0x6c,0x61,0x74,0x65,0x2d,0x37,0x30,0x30,0x2f,0x35,0x30,0x20,0x66,0x6c,0x65,0x78,0x20,0x69,
0x74,0x65,0x6d,0x73,0x2d,0x63,0x65,0x6e,0x74,0x65,0x72,0x20,0x6a,0x75,0x73,0x74,0x69,0x66,0x79,0x2d,
0x62,0x65,0x74,0x77,0x65,0x65,0x6e,0x20,0x74,0x65,0x78,0x74,0x2d,0x78,0x73,0x20,0x74,0x65,0x78,0x74,
0x2d,0x73,0x6c,0x61,0x74,0x65,0x2d,0x34,0x30,0x30,0x22,0x3e,0x0a,0x20,0x20,0x20,0x20,0x20,0x20,0x20,
0x20,0x20,0x20,0x20,0x20,0x3c,0x64,0x69,0x76,0x20,0x63,0x6c,0x61,0x73,0x73,0x3d,0x22,0x66,0x6c,0x65,
0x78,0x20,0x69,0x74,0x65,0x6d,0x73,0x2d,0x63,0x65,0x6e,0x74,0x65,0x72,0x20,0x73,0x70,0x61,0x63,0x65,
0x2d,0x78,0x2d,0x32,0x22,0x3e,0x0a,0x20,0x20,0x20,0x20,0x20,0x20,0x20,0x20,0x20,0x20,0x20,0x20,0x20,
0x20,0x20,0x20,0x3c,0x73,0x70,0x61,0x6e,0x20,0x63,0x6c,0x61,0x73,0x73,0x3d,0x22,0x74,0x65,0x78,0x74,
0x2d,0x62,0x61,0x73,0x65,0x22,0x3e,0xf0,0x9f,0x96,0xa5,0xef,0xb8,0x8f,0x3c,0x2f,0x73,0x70,0x61,0x6e,
0x3e,0x0a,0x20,0x20,0x20,0x20,0x20,0x20,0x20,0x20,0x20,0x20,0x20,0x20,0x20,0x20,0x20,0x20,0x3c,0x73,
0x70,0x61,0x6e,0x3e,0x3c,0x73,0x74,0x72,0x6f,0x6e,0x67,0x3e,0xe3,0x82,0xb5,0xe3,0x83,0xb3,0xe3,0x83,
0x97,0xe3,0x83,0xaa,0xe3,0x83,0xb3,0xe3,0x82,0xb0,0xe5,0xb1,0xa5,0xe6,0xad,0xb4,0xe3,0x83,0xad,0xe3,
0x82,0xb0,0x3c,0x2f,0x73,0x74,0x72,0x6f,0x6e,0x67,0x3e,0x3a,0x20,0x41,0x54,0x4f,0x4d,0x53,0x33,0x20,
0x4c,0x69,0x74,0x65,0xe5,0x86,0x85,0xe3,0x81,0xab,0xe3,0x81,0xaf,0xe8,0x93,0x84,0xe7,0xa9,0x8d,0xe3,
0x81,0x95,0xe3,0x82,0x8c,0xe3,0x81,0x9a,0xe3,0x80,0x81,0xe3,0x82,0xb5,0xe3,0x83,0xbc,0xe3,0x83,0x90,
0x50,0x43,0xef,0xbc,0x88,0x50,0x6c,0x61,0x6e,0x74,0x20,0x4d,0x65,0x64,0x69,0x63,0x61,0x6c,0x20,0x53,
0x74,0x61,0x74,0x69,0x6f,0x6e,0xef,0xbc,0x89,0xe5,0x81,0xb4,0xe3,0x81,0xab,0xe8,0x87,0xaa,0xe5,0x8b,
0x95,0xe4,0xbf,0x9d,0xe5,0xad,0x98,0xe3,0x83,0xbb,0x50,0x61,0x72,0x71,0x75,0x65,0x74,0xe5,0xbd,0xa2,
0xe5,0xbc,0x8f,0xe3,0x81,0xa7,0xe8,0x93,0x84,0xe7,0xa9,0x8d,0xe3,0x81,0x95,0xe3,0x82,0x8c,0xe3,0x81,
0xbe,0xe3,0x81,0x99,0xe3,0x80,0x82,0x3c,0x2f,0x73,0x70,0x61,0x6e,0x3e,0x0a,0x20,0x20,0x20,0x20,0x20,
0x20,0x20,0x20,0x20,0x20,0x20,0x20,0x3c,0x2f,0x64,0x69,0x76,0x3e,0x0a,0x20,0x20,0x20,0x20,0x20,0x20,
0x20,0x20,0x20,0x20,0x20,0x20,0x3c,0x73,0x70,0x61,0x6e,0x20,0x63,0x6c,0x61,0x73,0x73,0x3d,0x22,0x74,
0x65,0x78,0x74,0x2d,0x5b,0x31,0x30,0x70,0x78,0x5d,0x20,0x70,0x78,0x2d,0x32,0x20,0x70,0x79,0x2d,0x30,
0x2e,0x35,0x20,0x72,0x6f,0x75,0x6e,0x64,0x65,0x64,0x20,0x62,0x67,0x2d,0x69,0x6e,0x64,0x69,0x67,0x6f,
0x2d,0x39,0x35,0x30,0x20,0x74,0x65,0x78,0x74,0x2d,0x69,0x6e,0x64,0x69,0x67,0x6f,0x2d,0x33,0x30,0x30,
0x20,0x62,0x6f,0x72,0x64,0x65,0x72,0x20,0x62,0x6f,0x72,0x64,0x65,0x72,0x2d,0x69,0x6e,0x64,0x69,0x67,
0x6f,0x2d,0x38,0x30,0x30,0x20,0x66,0x6f,0x6e,0x74,0x2d,0x6d,0x6f,0x6e,0x6f,0x22,0x3e,0x53,0x65,0x72,
0x76,0x65,0x72,0x20,0x50,0x43,0x20,0x4c,0x6f,0x67,0x67,0x69,0x6e,0x67,0x3c,0x2f,0x73,0x70,0x61,0x6e,
0x3e,0x0a,0x20,0x20,0x20,0x20,0x20,0x20,0x20,0x20,0x3c,0x2f,0x64,0x69,0x76,0x3e,0x0a,0x0a,0x20,0x20,
0x20,0x20,0x20,0x20,0x20,0x20,0x3c,0x21,0x2d,0x2d,0x20,0x43,0x68,0x61,0x72,0x74,0x73,0x20,0x53,0x65,
0x63,0x74,0x69,0x6f,0x6e,0x20,0x2d,0x2d,0x3e,0x0a,0x20,0x20,0x20,0x20,0x20,0x20,0x20,0x20,0x3c,0x64,
0x69,0x76,0x20,0x63,0x6c,0x61,0x73,0x73,0x3d,0x22,0x67,0x72,0x69,0x64,0x20,0x67,0x72,0x69,0x64,0x2d,
0x63,0x6f,0x6c,0x73,0x2d,0x31,0x20,0x6c,0x67,0x3a,0x67,0x72,0x69,0x64,0x2d,0x63,0x6f,0x6c,0x73,0x2d,
0x32,0x20,0x67,0x61,0x70,0x2d,0x36,0x22,0x3e,0x0a,0x20,0x20,0x20,0x20,0x20,0x20,0x20,0x20,0x20,0x20,
0x20,0x20,0x3c,0x21,0x2d,0x2d,0x20,0x54,0x65,0x6d,0x70,0x20,0x43,0x68,0x61,0x72,0x74,0x20,0x2d,0x2d,
0x3e,0x0a,0x20,0x20,0x20,0x20,0x20,0x20,0x20,0x20,0x20,0x20,0x20,0x20,0x3c,0x64,0x69,0x76,0x20,0x63,
0x6c,0x61,0x73,0x73,0x3d,0x22,0x62,0x67,0x2d,0x73,0x6c,0x61,0x74,0x65,0x2d,0x38,0x30,0x30,0x2f,0x36,
0x30,0x20,0x72,0x6f,0x75,0x6e,0x64,0x65,0x64,0x2d,0x32,0x78,0x6c,0x20,0x70,0x2d,0x36,0x20,0x62,0x6f,
0x72,0x64,0x65,0x72,0x20,0x62,0x6f,0x72,0x64,0x65,0x72,0x2d,0x73,0x6c,0x61,0x74,0x65,0x2d,0x37,0x30,
0x30,0x2f,0x36,0x30,0x22,0x3e,0x0a,0x20,0x20,0x20,0x20,0x20,0x20,0x20,0x20,0x20,0x20,0x20,0x20,0x20,
0x20,0x20,0x20,0x3c,0x68,0x33,0x20,0x63,0x6c,0x61,0x73,0x73,0x3d,0x22,0x74,0x65,0x78,0x74,0x2d,0x73,
0x6d,0x20,0x66,0x6f,0x6e,0x74,0x2d,0x73,0x65,0x6d,0x69,0x62,0x6f,0x6c,0x64,0x20,0x74,0x65,0x78,0x74,
0x2d,0x73,0x6c,0x61,0x74,0x65,0x2d,0x33,0x30,0x30,0x20,0x6d,0x62,0x2d,0x34,0x22,0x3e,0xe6,0xb0,0x97,
0xe6,0xb8,0xa9,0xe3,0x83,0xbb,0xe8,0x91,0x89,0xe6,0xb8,0xa9,0xe3,0x83,0xaa,0xe3,0x82,0xa2,0xe3,0x83,
0xab,0xe3,0x82,0xbf,0xe3,0x82,0xa4,0xe3,0x83,0xa0,0xe6,0x8e,0xa8,0xe7,0xa7,0xbb,0x20,0x28,0x26,0x64,
0x65,0x67,0x3b,0x43,0x29,0x3c,0x2f,0x68,0x33,0x3e,0x0a,0x20,0x20,0x20,0x20,0x20,0x20,0x20,0x20,0x20,
0x20,0x20,0x20,0x20,0x20,0x20,0x20,0x3c,0x64,0x69,0x76,0x20,0x63,0x6c,0x61,0x73,0x73,0x3d,0x22,0x68,
0x2d,0x36,0x34,0x22,0x3e,0x0a,0x20,0x20,0x20,0x20,0x20,0x20,0x20,0x20,0x20,0x20,0x20,0x20,0x20,0x20,
0x20,0x20,0x20,0x20,0x20,0x20,0x3c,0x63,0x61,0x6e,0x76,0x61,0x73,0x20,0x69,0x64,0x3d,0x22,0x74,0x65,
0x6d,0x70,0x43,0x68,0x61,0x72,0x74,0x22,0x3e,0x3c,0x2f,0x63,0x61,0x6e,0x76,0x61,0x73,0x3e,0x0a,0x20,
0x20,0x20,0x20,0x20,0x20,0x20,0x20,0x20,0x20,0x20,0x20,0x20,0x20,0x20,0x20,0x3c,0x2f,0x64,0x69,0x76,
0x3e,0x0a,0x20,0x20,0x20,0x20,0x20,0x20,0x20,0x20,0x20,0x20,0x20,0x20,0x3c,0x2f,0x64,0x69,0x76,0x3e,
0x0a,0x0a,0x20,0x20,0x20,0x20,0x20,0x20,0x20,0x20,0x20,0x20,0x20,0x20,0x3c,0x21,0x2d,0x2d,0x20,0x53,
0x6f,0x69,0x6c,0x20,0x43,0x68,0x61,0x72,0x74,0x20,0x2d,0x2d,0x3e,0x0a,0x20,0x20,0x20,0x20,0x20,0x20,
0x20,0x20,0x20,0x20,0x20,0x20,0x3c,0x64,0x69,0x76,0x20,0x63,0x6c,0x61,0x73,0x73,0x3d,0x22,0x62,0x67,
0x2d,0x73,0x6c,0x61,0x74,0x65,0x2d,0x38,0x30,0x30,0x2f,0x36,0x30,0x20,0x72,0x6f,0x75,0x6e,0x64,0x65,
0x64,0x2d,0x32,0x78,0x6c,0x20,0x70,0x2d,0x36,0x20,0x62,0x6f,0x72,0x64,0x65,0x72,0x20,0x62,0x6f,0x72,
0x64,0x65,0x72,0x2d,0x73,0x6c,0x61,0x74,0x65,0x2d,0x37,0x30,0x30,0x2f,0x36,0x30,0x22,0x3e,0x0a,0x20,
0x20,0x20,0x20,0x20,0x20,0x20,0x20,0x20,0x20,0x20,0x20,0x20,0x20,0x20,0x20,0x3c,0x68,0x33,0x20,0x63,
0x6c,0x61,0x73,0x73,0x3d,0x22,0x74,0x65,0x78,0x74,0x2d,0x73,0x6d,0x20,0x66,0x6f,0x6e,0x74,0x2d,0x73,
0x65,0x6d,0x69,0x62,0x6f,0x6c,0x64,0x20,0x74,0x65,0x78,0x74,0x2d,0x73,0x6c,0x61,0x74,0x65,0x2d,0x33,
0x30,0x30,0x20,0x6d,0x62,0x2d,0x34,0x22,0x3e,0xe5,0x9c,0x9f,0xe5,0xa3,0x8c,0xe6,0xb0,0xb4,0xe5,0x88,
0x86,0xe6,0x8e,0xa8,0xe7,0xa7,0xbb,0x20,0x28,0x52,0x61,0x77,0x29,0x3c,0x2f,0x68,0x33,0x3e,0x0a,0x20,
0x20,0x20,0x20,0x20,0x20,0x20,0x20,0x20,0x20,0x20,0x20,0x20,0x20,0x20,0x20,0x3c,0x64,0x69,0x76,0x20,
0x63,0x6c,0x61,0x73,0x73,0x3d,0x22,0x68,0x2d,0x36,0x34,0x22,0x3e,0x0a,0x20,0x20,0x20,0x20,0x20,0x20,
0x20,0x20,0x20,0x20,0x20,0x20,0x20,0x20,0x20,0x20,0x20,0x20,0x20,0x20,0x3c,0x63,0x61,0x6e,0x76,0x61,
0x73,0x20,0x69,0x64,0x3d,0x22,0x73,0x6f,0x69,0x6c,0x43,0x68,0x61,0x72,0x74,0x22,0x3e,0x3c,0x2f,0x63,
0x61,0x6e,0x76,0x61,0x73,0x3e,0x0a,0x20,0x20,0x20,0x20,0x20,0x20,0x20,0x20,0x20,0x20,0x20,0x20,0x20,
0x20,0x20,0x20,0x3c,0x2f,0x64,0x69,0x76,0x3e,0x0a,0x20,0x20,0x20,0x20,0x20,0x20,0x20,0x20,0x20,0x20,
0x20,0x20,0x3c,0x2f,0x64,0x69,0x76,0x3e,0x0a,0x20,0x20,0x20,0x20,0x20,0x20,0x20,0x20,0x3c,0x2f,0x64,
0x69,0x76,0x3e,0x0a,0x20,0x20,0x20,0x20,0x3c,0x2f,0x64,0x69,0x76,0x3e,0x0a,0x0a,0x20,0x20,0x20,0x20,
0x3c,0x73,0x63,0x72,0x69,0x70,0x74,0x3e,0x0a,0x20,0x20,0x20,0x20,0x20,0x20,0x20,0x20,0x6c,0x65,0x74,
0x20,0x77,0x73,0x3b,0x0a,0x20,0x20,0x20,0x20,0x20,0x20,0x20,0x20,0x63,0x6f,0x6e,0x73,0x74,0x20,0x6d,
0x61,0x78,0x44,0x61,0x74,0x61,0x50,0x6f,0x69,0x6e,0x74,0x73,0x20,0x3d,0x20,0x33,0x30,0x3b,0x0a,0x20,
0x20,0x20,0x20,0x20,0x20,0x20,0x20,0x63,0x6f,0x6e,0x73,0x74,0x20,0x74,0x69,0x6d,0x65,0x4c,0x61,0x62,
0x65,0x6c,0x73,0x20,0x3d,0x20,0x5b,0x5d,0x3b,0x0a,0x20,0x20,0x20,0x20,0x20,0x20,0x20,0x20,0x63,0x6f,
0x6e,0x73,0x74,0x20,0x61,0x69,0x72,0x54,0x65,0x6d,0x70,0x44,0x61,0x74,0x61,0x20,0x3d,0x20,0x5b,0x5d,
0x3b,0x0a,0x20,0x20,0x20,0x20,0x20,0x20,0x20,0x20,0x63,0x6f,0x6e,0x73,0x74,0x20,0x6c,0x65,0x61,0x66,
0x54,0x65,0x6d,0x70,0x44,0x61,0x74,0x61,0x20,0x3d,0x20,0x5b,0x5d,0x3b,0x0a,0x20,0x20,0x20,0x20,0x20,
0x20,0x20,0x20,0x63,0x6f,0x6e,0x73,0x74,0x20,0x73,0x6f,0x69,0x6c,0x44,0x61,0x74,0x61,0x20,0x3d,0x20,
0x5b,0x5d,0x3b,0x0a,0x20,0x20,0x20,0x20,0x20,0x20,0x20,0x20,0x6c,0x65,0x74,0x20,0x63,0x61,0x63,0x68,
0x65,0x64,0x48,0x69,0x73,0x74,0x6f,0x72,0x79,0x52,0x65,0x63,0x6f,0x72,0x64,0x73,0x20,0x3d,0x20,0x5b,
0x5d,0x3b,0x0a,0x0a,0x20,0x20,0x20,0x20,0x20,0x20,0x20,0x20,0x2f,0x2f,0x20,0x49,0x6e,0x69,0x74,0x69,
0x61,0x6c,0x69,0x7a,0x65,0x20,0x43,0x68,0x61,0x72,0x74,0x73,0x0a,0x20,0x20,0x20,0x20,0x20,0x20,0x20,
0x20,0x63,0x6f,0x6e,0x73,0x74,0x20,0x63,0x74,0x78,0x54,0x65,0x6d,0x70,0x20,0x3d,0x20,0x64,0x6f,0x63,
0x75,0x6d,0x65,0x6e,0x74,0x2e,0x67,0x65,0x74,0x45,0x6c,0x65,0x6d,0x65,0x6e,0x74,0x42,0x79,0x49,0x64,
0x28,0x27,0x74,0x65,0x6d,0x70,0x43,0x68,0x61,0x72,0x74,0x27,0x29,0x2e,0x67,0x65,0x74,0x43,0x6f,0x6e,
0x74,0x65,0x78,0x74,0x28,0x27,0x32,0x64,0x27,0x29,0x3b,0x0a,0x20,0x20,0x20,0x20,0x20,0x20,0x20,0x20,
0x63,0x6f,0x6e,0x73,0x74,0x20,0x74,0x65,0x6d,0x70,0x43,0x68,0x61,0x72,0x74,0x20,0x3d,0x20,0x6e,0x65,
0x77,0x20,0x43,0x68,0x61,0x72,0x74,0x28,0x63,0x74,0x78,0x54,0x65,0x6d,0x70,0x2c,0x20,0x7b,0x0a,0x20,
0x20,0x20,0x20,0x20,0x20,0x20,0x20,0x20,0x20,0x20,0x20,0x74,0x79,0x70,0x65,0x3a,0x20,0x27,0x6c,0x69,
0x6e,0x65,0x27,0x2c,0x0a,0x20,0x20,0x20,0x20,0x20,0x20,0x20,0x20,0x20,0x20,0x20,0x20,0x64,0x61,0x74,
0x61,0x3a,0x20,0x7b,0x0a,0x20,0x20,0x20,0x20,0x20,0x20,0x20,0x20,0x20,0x20,0x20,0x20,0x20,0x20,0x20,
0x20,0x6c,0x61,0x62,0x65,0x6c,0x73,0x3a,0x20,0x74,0x69,0x6d,0x65,0x4c,0x61,0x62,0x65,0x6c,0x73,0x2c,
0x0a,0x20,0x20,0x20,0x20,0x20,0x20,0x20,0x20,0x20,0x20,0x20,0x20,0x20,0x20,0x20,0x20,0x64,0x61,0x74,
0x61,0x73,0x65,0x74,0x73,0x3a,0x20,0x5b,0x0a,0x20,0x20,0x20,0x20,0x20,0x20,0x20,0x20,0x20,0x20,0x20,
0x20,0x20,0x20,0x20,0x20,0x20,0x20,0x20,0x20,0x7b,0x0a,0x20,0x20,0x20,0x20,0x20,0x20,0x20,0x20,0x20,
0x20,0x20,0x20,0x20,0x20,0x20,0x20,0x20,0x20,0x20,0x20,0x20,0x20,0x20,0x20,0x6c,0x61,0x62,0x65,0x6c,
0x3a,0x20,0x27,0xe6,0xb0,0x97,0xe6,0xb8,0xa9,0x20,0x28,0x41,0x69,0x72,0x29,0x27,0x2c,0x0a,0x20,0x20,
0x20,0x20,0x20,0x20,0x20,0x20,0x20,0x20,0x20,0x20,0x20,0x20,0x20,0x20,0x20,0x20,0x20,0x20,0x20,0x20,
0x20,0x20,0x64,0x61,0x74,0x61,0x3a,0x20,0x61,0x69,0x72,0x54,0x65,0x6d,0x70,0x44,0x61,0x74,0x61,0x2c,
0x0a,0x20,0x20,0x20,0x20,0x20,0x20,0x20,0x20,0x20,0x20,0x20,0x20,0x20,0x20,0x20,0x20,0x20,0x20,0x20,
0x20,0x20,0x20,0x20,0x20,0x62,0x6f,0x72,0x64,0x65,0x72,0x43,0x6f,0x6c,0x6f,0x72,0x3a,0x20,0x27,0x23,
0x33,0x38,0x62,0x64,0x66,0x38,0x27,0x2c,0x0a,0x20,0x20,0x20,0x20,0x20,0x20,0x20,0x20,0x20,0x20,0x20,
0x20,0x20,0x20,0x20,0x20,0x20,0x20,0x20,0x20,0x20,0x20,0x20,0x20,0x62,0x61,0x63,0x6b,0x67,0x72,0x6f,
0x75,0x6e,0x64,0x43,0x6f,0x6c,0x6f,0x72,0x3a,0x20,0x27,0x72,0x67,0x62,0x61,0x28,0x35,0x36,0x2c,0x20,
0x31,0x38,0x39,0x2c,0x20,0x32,0x34,0x38,0x2c,0x20,0x30,0x2e,0x31,0x29,0x27,0x2c,0x0a,0x20,0x20,0x20,
0x20,0x20,0x20,0x20,0x20,0x20,0x20,0x20,0x20,0x20,0x20,0x20,0x20,0x20,0x20,0x20,0x20,0x20,0x20,0x20,
0x20,0x74,0x65,0x6e,0x73,0x69,0x6f,0x6e,0x3a,0x20,0x30,0x2e,0x33,0x2c,0x0a,0x20,0x20,0x20,0x20,0x20,
0x20,0x20,0x20,0x20,0x20,0x20,0x20,0x20,0x20,0x20,0x20,0x20,0x20,0x20,0x20,0x20,0x20,0x20,0x20,0x66,
0x69,0x6c,0x6c,0x3a,0x20,0x74,0x72,0x75,0x65,0x2c,0x0a,0x20,0x20,0x20,0x20,0x20,0x20,0x20,0x20,0x20,
0x20,0x20,0x20,0x20,0x20,0x20,0x20,0x20,0x20,0x20,0x20,0x7d,0x2c,0x0a,0x20,0x20,0x20,0x20,0x20,0x20,
0x20,0x20,0x20,0x20,0x20,0x20,0x20,0x20,0x20,0x20,0x20,0x20,0x20,0x20,0x7b,0x0a,0x20,0x20,0x20,0x20,
0x20,0x20,0x20,0x20,0x20,0x20,0x20,0x20,0x20,0x20,0x20,0x20,0x20,0x20,0x20,0x20,0x20,0x20,0x20,0x20,
0x6c,0x61,0x62,0x65,0x6c,0x3a,0x20,0x27,0xe8,0x91,0x89,0xe6,0xb8,0xa9,0x20,0x28,0x4c,0x65,0x61,0x66,
0x29,0x27,0x2c,0x0a,0x20,0x20,0x20,0x20,0x20,0x20,0x20,0x20,0x20,0x20,0x20,0x20,0x20,0x20,0x20,0x20,
0x20,0x20,0x20,0x20,0x20,0x20,0x20,0x20,0x64,0x61,0x74,0x61,0x3a,0x20,0x6c,0x65,0x61,0x66,0x54,0x65,
0x6d,0x70,0x44,0x61,0x74,0x61,0x2c,0x0a,0x20,0x20,0x20,0x20,0x20,0x20,0x20,0x20,0x20,0x20,0x20,0x20,
0x20,0x20,0x20,0x20,0x20,0x20,0x20,0x20,0x20,0x20,0x20,0x20,0x62,0x6f,0x72,0x64,0x65,0x72,0x43,0x6f,
0x6c,0x6f,0x72,0x3a,0x20,0x27,0x23,0x33,0x34,0x64,0x33,0x39,0x39,0x27,0x2c,0x0a,0x20,0x20,0x20,0x20,
0x20,0x20,0x20,0x20,0x20,0x20,0x20,0x20,0x20,0x20,0x20,0x20,0x20,0x20,0x20,0x20,0x20,0x20,0x20,0x20,
0x62,0x61,0x63,0x6b,0x67,0x72,0x6f,0x75,0x6e,0x64,0x43,0x6f,0x6c,0x6f,0x72,0x3a,0x20,0x27,0x72,0x67,
0x62,0x61,0x28,0x35,0x32,0x2c,0x20,0x32,0x31,0x31,0x2c,0x20,0x31,0x35,0x33,0x2c,0x20,0x30,0x2e,0x31,
0x29,0x27,0x2c,0x0a,0x20,0x20,0x20,0x20,0x20,0x20,0x20,0x20,0x20,0x20,0x20,0x20,0x20,0x20,0x20,0x20,
0x20,0x20,0x20,0x20,0x20,0x20,0x20,0x20,0x74,0x65,0x6e,0x73,0x69,0x6f,0x6e,0x3a,0x20,0x30,0x2e,0x33,
0x2c,0x0a,0x20,0x20,0x20,0x20,0x20,0x20,0x20,0x20,0x20,0x20,0x20,0x20,0x20,0x20,0x20,0x20,0x20,0x20,
0x20,0x20,0x20,0x20,0x20,0x20,0x66,0x69,0x6c,0x6c,0x3a,0x20,0x74,0x72,0x75,0x65,0x2c,0x0a,0x20,0x20,
0x20,0x20,0x20,0x20,0x20,0x20,0x20,0x20,0x20,0x20,0x20,0x20,0x20,0x20,0x20,0x20,0x20,0x20,0x7d,0x0a,
0x20,0x20,0x20,0x20,0x20,0x20,0x20,0x20,0x20,0x20,0x20,0x20,0x20,0x20,0x20,0x20,0x5d,0x0a,0x20,0x20,
0x20,0x20,0x20,0x20,0x20,0x20,0x20,0x20,0x20,0x20,0x7d,0x2c,0x0a,0x20,0x20,0x20,0x20,0x20,0x20,0x20,
0x20,0x20,0x20,0x20,0x20,0x6f,0x70,0x74,0x69,0x6f,0x6e,0x73,0x3a,0x20,0x7b,0x0a,0x20,0x20,0x20,0x20,
0x20,0x20,0x20,0x20,0x20,0x20,0x20,0x20,0x20,0x20,0x20,0x20,0x72,0x65,0x73,0x70,0x6f,0x6e,0x73,0x69,
0x76,0x65,0x3a,0x20,0x74,0x72,0x75,0x65,0x2c,0x0a,0x20,0x20,0x20,0x20,0x20,0x20,0x20,0x20,0x20,0x20,
0x20,0x20,0x20,0x20,0x20,0x20,0x6d,0x61,0x69,0x6e,0x74,0x61,0x69,0x6e,0x41,0x73,0x70,0x65,0x63,0x74,
0x52,0x61,0x74,0x69,0x6f,0x3a,0x20,0x66,0x61,0x6c,0x73,0x65,0x2c,0x0a,0x20,0x20,0x20,0x20,0x20,0x20,
0x20,0x20,0x20,0x20,0x20,0x20,0x20,0x20,0x20,0x20,0x73,0x63,0x61,0x6c,0x65,0x73,0x3a,0x20,0x7b,0x0a,
0x20,0x20,0x20,0x20,0x20,0x20,0x20,0x20,0x20,0x20,0x20,0x20,0x20,0x20,0x20,0x20,0x20,0x20,0x20,0x20,
0x78,0x3a,0x20,0x7b,0x20,0x67,0x72,0x69,0x64,0x3a,0x20,0x7b,0x20,0x63,0x6f,0x6c,0x6f,0x72,0x3a,0x20,
0x27,0x23,0x33,0x33,0x34,0x31,0x35,0x35,0x27,0x20,0x7d,0x2c,0x20,0x74,0x69,0x63,0x6b,0x73,0x3a,0x20,
0x7b,0x20,0x63,0x6f,0x6c,0x6f,0x72,0x3a,0x20,0x27,0x23,0x39,0x34,0x61,0x33,0x62,0x38,0x27,0x20,0x7d,
0x20,0x7d,0x2c,0x0a,0x20,0x20,0x20,0x20,0x20,0x20,0x20,0x20,0x20,0x20,0x20,0x20,0x20,0x20,0x20,0x20,
0x20,0x20,0x20,0x20,0x79,0x3a,0x20,0x7b,0x20,0x67,0x72,0x69,0x64,0x3a,0x20,0x7b,0x20,0x63,0x6f,0x6c,
0x6f,0x72,0x3a,0x20,0x27,0x23,0x33,0x33,0x34,0x31,0x35,0x35,0x27,0x20,0x7d,0x2c,0x20,0x74,0x69,0x63,
0x6b,0x73,0x3a,0x20,0x7b,0x20,0x63,0x6f,0x6c,0x6f,0x72,0x3a,0x20,0x27,0x23,0x39,0x34,0x61,0x33,0x62,
0x38,0x27,0x20,0x7d,0x20,0x7d,0x0a,0x20,0x20,0x20,0x20,0x20,0x20,0x20,0x20,0x20,0x20,0x20,0x20,0x20,
0x20,0x20,0x20,0x7d,0x2c,0x0a,0x20,0x20,0x20,0x20,0x20,0x20,0x20,0x20,0x20,0x20,0x20,0x20,0x20,0x20,
0x20,0x20,0x70,0x6c,0x75,0x67,0x69,0x6e,0x73,0x3a,0x20,0x7b,0x20,0x6c,0x65,0x67,0x65,0x6e,0x64,0x3a,
0x20,0x7b,0x20,0x6c,0x61,0x62,0x65,0x6c,0x73,0x3a,0x20,0x7b,0x20,0x63,0x6f,0x6c,0x6f,0x72,0x3a,0x20,
0x27,0x23,0x63,0x62,0x64,0x35,0x65,0x31,0x27,0x20,0x7d,0x20,0x7d,0x20,0x7d,0x0a,0x20,0x20,0x20,0x20,
0x20,0x20,0x20,0x20,0x20,0x20,0x20,0x20,0x7d,0x0a,0x20,0x20,0x20,0x20,0x20,0x20,0x20,0x20,0x7d,0x29,
0x3b,0x0a,0x0a,0x20,0x20,0x20,0x20,0x20,0x20,0x20,0x20,0x63,0x6f,0x6e,0x73,0x74,0x20,0x63,0x74,0x78,
0x53,0x6f,0x69,0x6c,0x20,0x3d,0x20,0x64,0x6f,0x63,0x75,0x6d,0x65,0x6e,0x74,0x2e,0x67,0x65,0x74,0x45,
0x6c,0x65,0x6d,0x65,0x6e,0x74,0x42,0x79,0x49,0x64,0x28,0x27,0x73,0x6f,0x69,0x6c,0x43,0x68,0x61,0x72,
0x74,0x27,0x29,0x2e,0x67,0x65,0x74,0x43,0x6f,0x6e,0x74,0x65,0x78,0x74,0x28,0x27,0x32,0x64,0x27,0x29,
0x3b,0x0a,0x20,0x20,0x20,0x20,0x20,0x20,0x20,0x20,0x63,0x6f,0x6e,0x73,0x74,0x20,0x73,0x6f,0x69,0x6c,
0x43,0x68,0x61,0x72,0x74,0x20,0x3d,0x20,0x6e,0x65,0x77,0x20,0x43,0x68,0x61,0x72,0x74,0x28,0x63,0x74,
0x78,0x53,0x6f,0x69,0x6c,0x2c,0x20,0x7b,0x0a,0x20,0x20,0x20,0x20,0x20,0x20,0x20,0x20,0x20,0x20,0x20,
0x20,0x74,0x79,0x70,0x65,0x3a,0x20,0x27,0x6c,0x69,0x6e,0x65,0x27,0x2c,0x0a,0x20,0x20,0x20,0x20,0x20,
0x20,0x20,0x20,0x20,0x20,0x20,0x20,0x64,0x61,0x74,0x61,0x3a,0x20,0x7b,0x0a,0x20,0x20,0x20,0x20,0x20,
0x20,0x20,0x20,0x20,0x20,0x20,0x20,0x20,0x20,0x20,0x20,0x6c,0x61,0x62,0x65,0x6c,0x73,0x3a,0x20,0x74,
0x69,0x6d,0x65,0x4c,0x61,0x62,0x65,0x6c,0x73,0x2c,0x0a,0x20,0x20,0x20,0x20,0x20,0x20,0x20,0x20,0x20,
0x20,0x20,0x20,0x20,0x20,0x20,0x20,0x64,0x61,0x74,0x61,0x73,0x65,0x74,0x73,0x3a,0x20,0x5b,0x7b,0x0a,
0x20,0x20,0x20,0x20,0x20,0x20,0x20,0x20,0x20,0x20,0x20,0x20,0x20,0x20,0x20,0x20,0x20,0x20,0x20,0x20,
0x6c,0x61,0x62,0x65,0x6c,0x3a,0x20,0x27,0xe5,0x9c,0x9f,0xe5,0xa3,0x8c,0xe6,0xb0,0xb4,0xe5,0x88,0x86,
0x20,0x28,0x53,0x6f,0x69,0x6c,0x20,0x52,0x61,0x77,0x29,0x27,0x2c,0x0a,0x20,0x20,0x20,0x20,0x20,0x20,
0x20,0x20,0x20,0x20,0x20,0x20,0x20,0x20,0x20,0x20,0x20,0x20,0x20,0x20,0x64,0x61,0x74,0x61,0x3a,0x20,
0x73,0x6f,0x69,0x6c,0x44,0x61,0x74,0x61,0x2c,0x0a,0x20,0x20,0x20,0x20,0x20,0x20,0x20,0x20,0x20,0x20,
0x20,0x20,0x20,0x20,0x20,0x20,0x20,0x20,0x20,0x20,0x62,0x6f,0x72,0x64,0x65,0x72,0x43,0x6f,0x6c,0x6f,
0x72,0x3a,0x20,0x27,0x23,0x66,0x35,0x39,0x65,0x30,0x62,0x27,0x2c,0x0a,0x20,0x20,0x20,0x20,0x20,0x20,
0x20,0x20,0x20,0x20,0x20,0x20,0x20,0x20,0x20,0x20,0x20,0x20,0x20,0x20,0x62,0x61,0x63,0x6b,0x67,0x72,
0x6f,0x75,0x6e,0x64,0x43,0x6f,0x6c,0x6f,0x72,0x3a,0x20,0x27,0x72,0x67,0x62,0x61,0x28,0x32,0x34,0x35,
0x2c,0x20,0x31,0x35,0x38,0x2c,0x20,0x31,0x31,0x2c,0x20,0x30,0x2e,0x31,0x29,0x27,0x2c,0x0a,0x20,0x20,
0x20,0x20,0x20,0x20,0x20,0x20,0x20,0x20,0x20,0x20,0x20,0x20,0x20,0x20,0x20,0x20,0x20,0x20,0x74,0x65,
0x6e,0x73,0x69,0x6f,0x6e,0x3a,0x20,0x30,0x2e,0x33,0x2c,0x0a,0x20,0x20,0x20,0x20,0x20,0x20,0x20,0x20,
0x20,0x20,0x20,0x20,0x20,0x20,0x20,0x20,0x20,0x20,0x20,0x20,0x66,0x69,0x6c,0x6c,0x3a,0x20,0x74,0x72,
0x75,0x65,0x2c,0x0a,0x20,0x20,0x20,0x20,0x20,0x20,0x20,0x20,0x20,0x20,0x20,0x20,0x20,0x20,0x20,0x20,
0x7d,0x5d,0x0a,0x20,0x20,0x20,0x20,0x20,0x20,0x20,0x20,0x20,0x20,0x20,0x20,0x7d,0x2c,0x0a,0x20,0x20,
0x20,0x20,0x20,0x20,0x20,0x20,0x20,0x20,0x20,0x20,0x6f,0x70,0x74,0x69,0x6f,0x6e,0x73,0x3a,0x20,0x7b,
0x0a,0x20,0x20,0x20,0x20,0x20,0x20,0x20,0x20,0x20,0x20,0x20,0x20,0x20,0x20,0x20,0x20,0x72,0x65,0x73,
0x70,0x6f,0x6e,0x73,0x69,0x76,0x65,0x3a,0x20,0x74,0x72,0x75,0x65,0x2c,0x0a,0x20,0x20,0x20,0x20,0x20,
0x20,0x20,0x20,0x20,0x20,0x20,0x20,0x20,0x20,0x20,0x20,0x6d,0x61,0x69,0x6e,0x74,0x61,0x69,0x6e,0x41,
0x73,0x70,0x65,0x63,0x74,0x52,0x61,0x74,0x69,0x6f,0x3a,0x20,0x66,0x61,0x6c,0x73,0x65,0x2c,0x0a,0x20,
0x20,0x20,0x20,0x20,0x20,0x20,0x20,0x20,0x20,0x20,0x20,0x20,0x20,0x20,0x20,0x73,0x63,0x61,0x6c,0x65,
0x73,0x3a,0x20,0x7b,0x0a,0x20,0x20,0x20,0x20,0x20,0x20,0x20,0x20,0x20,0x20,0x20,0x20,0x20,0x20,0x20,
0x20,0x20,0x20,0x20,0x20,0x78,0x3a,0x20,0x7b,0x20,0x67,0x72,0x69,0x64,0x3a,0x20,0x7b,0x20,0x63,0x6f,
0x6c,0x6f,0x72,0x3a,0x20,0x27,0x23,0x33,0x33,0x34,0x31,0x35,0x35,0x27,0x20,0x7d,0x2c,0x20,0x74,0x69,
0x63,0x6b,0x73,0x3a,0x20,0x7b,0x20,0x63,0x6f,0x6c,0x6f,0x72,0x3a,0x20,0x27,0x23,0x39,0x34,0x61,0x33,
0x62,0x38,0x27,0x20,0x7d,0x20,0x7d,0x2c,0x0a,0x20,0x20,0x20,0x20,0x20,0x20,0x20,0x20,0x20,0x20,0x20,
0x20,0x20,0x20,0x20,0x20,0x20,0x20,0x20,0x20,0x79,0x3a,0x20,0x7b,0x20,0x67,0x72,0x69,0x64,0x3a,0x20,
0x7b,0x20,0x63,0x6f,0x6c,0x6f,0x72,0x3a,0x20,0x27,0x23,0x33,0x33,0x34,0x31,0x35,0x35,0x27,0x20,0x7d,
0x2c,0x20,0x74,0x69,0x63,0x6b,0x73,0x3a,0x20,0x7b,0x20,0x63,0x6f,0x6c,0x6f,0x72,0x3a,0x20,0x27,0x23,
0x39,0x34,0x61,0x33,0x62,0x38,0x27,0x20,0x7d,0x20,0x7d,0x0a,0x20,0x20,0x20,0x20,0x20,0x20,0x20,0x20,
0x20,0x20,0x20,0x20,0x20,0x20,0x20,0x20,0x7d,0x2c,0x0a,0x20,0x20,0x20,0x20,0x20,0x20,0x20,0x20,0x20,
0x20,0x20,0x20,0x20,0x20,0x20,0x20,0x70,0x6c,0x75,0x67,0x69,0x6e,0x73,0x3a,0x20,0x7b,0x20,0x6c,0x65,
0x67,0x65,0x6e,0x64,0x3a,0x20,0x7b,0x20,0x6c,0x61,0x62,0x65,0x6c,0x73,0x3a,0x20,0x7b,0x20,0x63,0x6f,
0x6c,0x6f,0x72,0x3a,0x20,0x27,0x23,0x63,0x62,0x64,0x35,0x65,0x31,0x27,0x20,0x7d,0x20,0x7d,0x20,0x7d,
0x0a,0x20,0x20,0x20,0x20,0x20,0x20,0x20,0x20,0x20,0x20,0x20,0x20,0x7d,0x0a,0x20,0x20,0x20,0x20,0x20,
0x20,0x20,0x20,0x7d,0x29,0x3b,0x0a,0x0a,0x20,0x20,0x20,0x20,0x20,0x20,0x20,0x20,0x66,0x75,0x6e,0x63,
0x74,0x69,0x6f,0x6e,0x20,0x63,0x6f,0x6e,0x6e,0x65,0x63,0x74,0x57,0x65,0x62,0x53,0x6f,0x63,0x6b,0x65,
0x74,0x28,0x29,0x20,0x7b,0x0a,0x20,0x20,0x20,0x20,0x20,0x20,0x20,0x20,0x20,0x20,0x20,0x20,0x63,0x6f,
0x6e,0x73,0x74,0x20,0x70,0x72,0x6f,0x74,0x6f,0x63,0x6f,0x6c,0x20,0x3d,0x20,0x77,0x69,0x6e,0x64,0x6f,
0x77,0x2e,0x6c,0x6f,0x63,0x61,0x74,0x69,0x6f,0x6e,0x2e,0x70,0x72,0x6f,0x74,0x6f,0x63,0x6f,0x6c,0x20,
0x3d,0x3d,0x3d,0x20,0x27,0x68,0x74,0x74,0x70,0x73,0x3a,0x27,0x20,0x3f,0x20,0x27,0x77,0x73,0x73,0x3a,
0x27,0x20,0x3a,0x20,0x27,0x77,0x73,0x3a,0x27,0x3b,0x0a,0x20,0x20,0x20,0x20,0x20,0x20,0x20,0x20,0x20,
0x20,0x20,0x20,0x63,0x6f,0x6e,0x73,0x74,0x20,0x77,0x73,0x55,0x72,0x6c,0x20,0x3d,0x20,0x70,0x72,0x6f,
0x74,0x6f,0x63,0x6f,0x6c,0x20,0x2b,0x20,0x27,0x2f,0x2f,0x27,0x20,0x2b,0x20,0x77,0x69,0x6e,0x64,0x6f,
0x77,0x2e,0x6c,0x6f,0x63,0x61,0x74,0x69,0x6f,0x6e,0x2e,0x68,0x6f,0x73,0x74,0x20,0x2b,0x20,0x27,0x2f,
0x77,0x73,0x27,0x3b,0x0a,0x20,0x20,0x20,0x20,0x20,0x20,0x20,0x20,0x20,0x20,0x20,0x20,0x77,0x73,0x20,
0x3d,0x20,0x6e,0x65,0x77,0x20,0x57,0x65,0x62,0x53,0x6f,0x63,0x6b,0x65,0x74,0x28,0x77,0x73,0x55,0x72,
0x6c,0x29,0x3b,0x0a,0x0a,0x20,0x20,0x20,0x20,0x20,0x20,0x20,0x20,0x20,0x20,0x20,0x20,0x77,0x73,0x2e,
0x6f,0x6e,0x6f,0x70,0x65,0x6e,0x20,0x3d,0x20,0x28,0x29,0x20,0x3d,0x3e,0x20,0x7b,0x0a,0x20,0x20,0x20,
0x20,0x20,0x20,0x20,0x20,0x20,0x20,0x20,0x20,0x20,0x20,0x20,0x20,0x64,0x6f,0x63,0x75,0x6d,0x65,0x6e,
0x74,0x2e,0x67,0x65,0x74,0x45,0x6c,0x65,0x6d,0x65,0x6e,0x74,0x42,0x79,0x49,0x64,0x28,0x27,0x63,0x6f,
0x6e,0x6e,0x2d,0x64,0x6f,0x74,0x27,0x29,0x2e,0x63,0x6c,0x61,0x73,0x73,0x4e,0x61,0x6d,0x65,0x20,0x3d,
0x20,0x27,0x77,0x2d,0x32,0x2e,0x35,0x20,0x68,0x2d,0x32,0x2e,0x35,0x20,0x72,0x6f,0x75,0x6e,0x64,0x65,
0x64,0x2d,0x66,0x75,0x6c,0x6c,0x20,0x62,0x67,0x2d,0x65,0x6d,0x65,0x72,0x61,0x6c,0x64,0x2d,0x34,0x30,
0x30,0x27,0x3b,0x0a,0x20,0x20,0x20,0x20,0x20,0x20,0x20,0x20,0x20,0x20,0x20,0x20,0x20,0x20,0x20,0x20,
0x64,0x6f,0x63,0x75,0x6d,0x65,0x6e,0x74,0x2e,0x67,0x65,0x74,0x45,0x6c,0x65,0x6d,0x65,0x6e,0x74,0x42,
0x79,0x49,0x64,0x28,0x27,0x63,0x6f,0x6e,0x6e,0x2d,0x74,0x65,0x78,0x74,0x27,0x29,0x2e,0x74,0x65,0x78,
0x74,0x43,0x6f,0x6e,0x74,0x65,0x6e,0x74,0x20,0x3d,0x20,0x27,0x4c,0x69,0x76,0x65,0x20,0x43,0x6f,0x6e,
0x6e,0x65,0x63,0x74,0x65,0x64,0x27,0x3b,0x0a,0x20,0x20,0x20,0x20,0x20,0x20,0x20,0x20,0x20,0x20,0x20,
0x20,0x7d,0x3b,0x0a,0x0a,0x20,0x20,0x20,0x20,0x20,0x20,0x20,0x20,0x20,0x20,0x20,0x20,0x77,0x73,0x2e,
0x6f,0x6e,0x63,0x6c,0x6f,0x73,0x65,0x20,0x3d,0x20,0x28,0x29,0x20,0x3d,0x3e,0x20,0x7b,0x0a,0x20,0x20,
0x20,0x20,0x20,0x20,0x20,0x20,0x20,0x20,0x20,0x20,0x20,0x20,0x20,0x20,0x64,0x6f,0x63,0x75,0x6d,0x65,
0x6e,0x74,0x2e,0x67,0x65,0x74,0x45,0x6c,0x65,0x6d,0x65,0x6e,0x74,0x42,0x79,0x49,0x64,0x28,0x27,0x63,
0x6f,0x6e,0x6e,0x2d,0x64,0x6f,0x74,0x27,0x29,0x2e,0x63,0x6c,0x61,0x73,0x73,0x4e,0x61,0x6d,0x65,0x20,
0x3d,0x20,0x27,0x77,0x2d,0x32,0x2e,0x35,0x20,0x68,0x2d,0x32,0x2e,0x35,0x20,0x72,0x6f,0x75,0x6e,0x64,
0x65,0x64,0x2d,0x66,0x75,0x6c,0x6c,0x20,0x62,0x67,0x2d,0x72,0x6f,0x73,0x65,0x2d,0x35,0x30,0x30,0x27,
0x3b,0x0a,0x20,0x20,0x20,0x20,0x20,0x20,0x20,0x20,0x20,0x20,0x20,0x20,0x20,0x20,0x20,0x20,0x64,0x6f,
0x63,0x75,0x6d,0x65,0x6e,0x74,0x2e,0x67,0x65,0x74,0x45,0x6c,0x65,0x6d,0x65,0x6e,0x74,0x42,0x79,0x49,
0x64,0x28,0x27,0x63,0x6f,0x6e,0x6e,0x2d,0x74,0x65,0x78,0x74,0x27,0x29,0x2e,0x74,0x65,0x78,0x74,0x43,
0x6f,0x6e,0x74,0x65,0x6e,0x74,0x20,0x3d,0x20,0x27,0x44,0x69,0x73,0x63,0x6f,0x6e,0x6e,0x65,0x63,0x74,
0x65,0x64,0x27,0x3b,0x0a,0x20,0x20,0x20,0x20,0x20,0x20,0x20,0x20,0x20,0x20,0x20,0x20,0x20,0x20,0x20,
0x20,0x73,0x65,0x74,0x54,0x69,0x6d,0x65,0x6f,0x75,0x74,0x28,0x63,0x6f,0x6e,0x6e,0x65,0x63,0x74,0x57,
0x65,0x62,0x53,0x6f,0x63,0x6b,0x65,0x74,0x2c,0x20,0x33,0x30,0x30,0x30,0x29,0x3b,0x0a,0x20,0x20,0x20,
0x20,0x20,0x20,0x20,0x20,0x20,0x20,0x20,0x20,0x7d,0x3b,0x0a,0x0a,0x20,0x20,0x20,0x20,0x20,0x20,0x20,
0x20,0x20,0x20,0x20,0x20,0x77,0x73,0x2e,0x6f,0x6e,0x6d,0x65,0x73,0x73,0x61,0x67,0x65,0x20,0x3d,0x20,
0x28,0x65,0x76,0x65,0x6e,0x74,0x29,0x20,0x3d,0x3e,0x20,0x7b,0x0a,0x20,0x20,0x20,0x20,0x20,0x20,0x20,
0x20,0x20,0x20,0x20,0x20,0x20,0x20,0x20,0x20,0x74,0x72,0x79,0x20,0x7b,0x0a,0x20,0x20,0x20,0x20,0x20,
0x20,0x20,0x20,0x20,0x20,0x20,0x20,0x20,0x20,0x20,0x20,0x20,0x20,0x20,0x20,0x63,0x6f,0x6e,0x73,0x74,
0x20,0x64,0x61,0x74,0x61,0x20,0x3d,0x20,0x4a,0x53,0x4f,0x4e,0x2e,0x70,0x61,0x72,0x73,0x65,0x28,0x65,
0x76,0x65,0x6e,0x74,0x2e,0x64,0x61,0x74,0x61,0x29,0x3b,0x0a,0x20,0x20,0x20,0x20,0x20,0x20,0x20,0x20,
0x20,0x20,0x20,0x20,0x20,0x20,0x20,0x20,0x20,0x20,0x20,0x20,0x69,0x66,0x20,0x28,0x64,0x61,0x74,0x61,
0x2e,0x74,0x79,0x70,0x65,0x20,0x3d,0x3d,0x3d,0x20,0x27,0x74,0x65,0x6c,0x65,0x6d,0x65,0x74,0x72,0x79,
0x27,0x29,0x20,0x7b,0x0a,0x20,0x20,0x20,0x20,0x20,0x20,0x20,0x20,0x20,0x20,0x20,0x20,0x20,0x20,0x20,
0x20,0x20,0x20,0x20,0x20,0x20,0x20,0x20,0x20,0x75,0x70,0x64,0x61,0x74,0x65,0x55,0x49,0x28,0x64,0x61,
0x74,0x61,0x29,0x3b,0x0a,0x20,0x20,0x20,0x20,0x20,0x20,0x20,0x20,0x20,0x20,0x20,0x20,0x20,0x20,0x20,
0x20,0x20,0x20,0x20,0x20,0x7d,0x0a,0x20,0x20,0x20,0x20,0x20,0x20,0x20,0x20,0x20,0x20,0x20,0x20,0x20,
0x20,0x20,0x20,0x7d,0x20,0x63,0x61,0x74,0x63,0x68,0x28,0x65,0x29,0x20,0x7b,0x0a,0x20,0x20,0x20,0x20,
0x20,0x20,0x20,0x20,0x20,0x20,0x20,0x20,0x20,0x20,0x20,0x20,0x20,0x20,0x20,0x20,0x63,0x6f,0x6e,0x73,
0x6f,0x6c,0x65,0x2e,0x65,0x72,0x72,0x6f,0x72,0x28,0x65,0x29,0x3b,0x0a,0x20,0x20,0x20,0x20,0x20,0x20,
0x20,0x20,0x20,0x20,0x20,0x20,0x20,0x20,0x20,0x20,0x7d,0x0a,0x20,0x20,0x20,0x20,0x20,0x20,0x20,0x20,
0x20,0x20,0x20,0x20,0x7d,0x3b,0x0a,0x20,0x20,0x20,0x20,0x20,0x20,0x20,0x20,0x7d,0x0a,0x0a,0x20,0x20,
0x20,0x20,0x20,0x20,0x20,0x20,0x66,0x75,0x6e,0x63,0x74,0x69,0x6f,0x6e,0x20,0x75,0x70,0x64,0x61,0x74,
0x65,0x55,0x49,0x28,0x64,0x29,0x20,0x7b,0x0a,0x20,0x20,0x20,0x20,0x20,0x20,0x20,0x20,0x20,0x20,0x20,
0x20,0x2f,0x2a,0x20,0x53,0x74,0x72,0x65,0x73,0x73,0x20,0x47,0x61,0x75,0x67,0x65,0x20,0x2a,0x2f,0x0a,
0x20,0x20,0x20,0x20,0x20,0x20,0x20,0x20,0x20,0x20,0x20,0x20,0x63,0x6f,0x6e,0x73,0x74,0x20,0x73,0x74,
0x72,0x65,0x73,0x73,0x20,0x3d,0x20,0x64,0x2e,0x73,0x74,0x72,0x65,0x73,0x73,0x20,0x7c,0x7c,0x20,0x30,
0x3b,0x0a,0x20,0x20,0x20,0x20,0x20,0x20,0x20,0x20,0x20,0x20,0x20,0x20,0x64,0x6f,0x63,0x75,0x6d,0x65,
0x6e,0x74,0x2e,0x67,0x65,0x74,0x45,0x6c,0x65,0x6d,0x65,0x6e,0x74,0x42,0x79,0x49,0x64,0x28,0x27,0x73,
0x74,0x72,0x65,0x73,0x73,0x2d,0x76,0x61,0x6c,0x27,0x29,0x2e,0x74,0x65,0x78,0x74,0x43,0x6f,0x6e,0x74,
0x65,0x6e,0x74,0x20,0x3d,0x20,0x73,0x74,0x72,0x65,0x73,0x73,0x3b,0x0a,0x20,0x20,0x20,0x20,0x20,0x20,
0x20,0x20,0x20,0x20,0x20,0x20,0x63,0x6f,0x6e,0x73,0x74,0x20,0x61,0x72,0x63,0x20,0x3d,0x20,0x64,0x6f,
0x63,0x75,0x6d,0x65,0x6e,0x74,0x2e,0x67,0x65,0x74,0x45,0x6c,0x65,0x6d,0x65,0x6e,0x74,0x42,0x79,0x49,
0x64,0x28,0x27,0x73,0x74,0x72,0x65,0x73,0x73,0x2d,0x61,0x72,0x63,0x27,0x29,0x3b,0x0a,0x20,0x20,0x20,
0x20,0x20,0x20,0x20,0x20,0x20,0x20,0x20,0x20,0x63,0x6f,0x6e,0x73,0x74,0x20,0x63,0x69,0x72,0x63,0x75,
0x6d,0x66,0x65,0x72,0x65,0x6e,0x63,0x65,0x20,0x3d,0x20,0x32,0x35,0x31,0x2e,0x32,0x3b,0x0a,0x20,0x20,
0x20,0x20,0x20,0x20,0x20,0x20,0x20,0x20,0x20,0x20,0x63,0x6f,0x6e,0x73,0x74,0x20,0x6f,0x66,0x66,0x73,
0x65,0x74,0x20,0x3d,0x20,0x63,0x69,0x72,0x63,0x75,0x6d,0x66,0x65,0x72,0x65,0x6e,0x63,0x65,0x20,0x2d,
0x20,0x28,0x73,0x74,0x72,0x65,0x73,0x73,0x20,0x2f,0x20,0x31,0x30,0x30,0x29,0x20,0x2a,0x20,0x63,0x69,
0x72,0x63,0x75,0x6d,0x66,0x65,0x72,0x65,0x6e,0x63,0x65,0x3b,0x0a,0x20,0x20,0x20,0x20,0x20,0x20,0x20,
0x20,0x20,0x20,0x20,0x20,0x61,0x72,0x63,0x2e,0x73,0x74,0x79,0x6c,0x65,0x2e,0x73,0x74,0x72,0x6f,0x6b,
0x65,0x44,0x61,0x73,0x68,0x6f,0x66,0x66,0x73,0x65,0x74,0x20,0x3d,0x20,0x6f,0x66,0x66,0x73,0x65,0x74,
0x3b,0x0a,0x0a,0x20,0x20,0x20,0x20,0x20,0x20,0x20,0x20,0x20,0x20,0x20,0x20,0x63,0x6f,0x6e,0x73,0x74,
0x20,0x73,0x74,0x72,0x65,0x73,0x73,0x4c,0x61,0x62,0x65,0x6c,0x20,0x3d,0x20,0x64,0x6f,0x63,0x75,0x6d,
0x65,0x6e,0x74,0x2e,0x67,0x65,0x74,0x45,0x6c,0x65,0x6d,0x65,0x6e,0x74,0x42,0x79,0x49,0x64,0x28,0x27,
0x73,0x74,0x72,0x65,0x73,0x73,0x2d,0x6c,0x61,0x62,0x65,0x6c,0x27,0x29,0x3b,0x0a,0x20,0x20,0x20,0x20,
0x20,0x20,0x20,0x20,0x20,0x20,0x20,0x20,0x63,0x6f,0x6e,0x73,0x74,0x20,0x70,0x6c,0x61,0x6e,0x74,0x42,
0x61,0x64,0x67,0x65,0x20,0x3d,0x20,0x64,0x6f,0x63,0x75,0x6d,0x65,0x6e,0x74,0x2e,0x67,0x65,0x74,0x45,
0x6c,0x65,0x6d,0x65,0x6e,0x74,0x42,0x79,0x49,0x64,0x28,0x27,0x70,0x6c,0x61,0x6e,0x74,0x2d,0x62,0x61,
0x64,0x67,0x65,0x27,0x29,0x3b,0x0a,0x20,0x20,0x20,0x20,0x20,0x20,0x20,0x20,0x20,0x20,0x20,0x20,0x63,
0x6f,0x6e,0x73,0x74,0x20,0x6c,0x65,0x61,0x66,0x47,0x72,0x6f,0x75,0x70,0x4c,0x20,0x3d,0x20,0x64,0x6f,
0x63,0x75,0x6d,0x65,0x6e,0x74,0x2e,0x67,0x65,0x74,0x45,0x6c,0x65,0x6d,0x65,0x6e,0x74,0x42,0x79,0x49,
0x64,0x28,0x27,0x6c,0x65,0x61,0x66,0x2d,0x6c,0x65,0x66,0x74,0x2d,0x67,0x72,0x6f,0x75,0x70,0x27,0x29,
0x3b,0x0a,0x20,0x20,0x20,0x20,0x20,0x20,0x20,0x20,0x20,0x20,0x20,0x20,0x63,0x6f,0x6e,0x73,0x74,0x20,
0x6c,0x65,0x61,0x66,0x47,0x72,0x6f,0x75,0x70,0x52,0x20,0x3d,0x20,0x64,0x6f,0x63,0x75,0x6d,0x65,0x6e,
0x74,0x2e,0x67,0x65,0x74,0x45,0x6c,0x65,0x6d,0x65,0x6e,0x74,0x42,0x79,0x49,0x64,0x28,0x27,0x6c,0x65,
0x61,0x66,0x2d,0x72,0x69,0x67,0x68,0x74,0x2d,0x67,0x72,0x6f,0x75,0x70,0x27,0x29,0x3b,0x0a,0x20,0x20,
0x20,0x20,0x20,0x20,0x20,0x20,0x20,0x20,0x20,0x20,0x63,0x6f,0x6e,0x73,0x74,0x20,0x6c,0x65,0x61,0x76,
0x65,0x73,0x20,0x3d,0x20,0x5b,0x64,0x6f,0x63,0x75,0x6d,0x65,0x6e,0x74,0x2e,0x67,0x65,0x74,0x45,0x6c,
0x65,0x6d,0x65,0x6e,0x74,0x42,0x79,0x49,0x64,0x28,0x27,0x6c,0x65,0x61,0x66,0x2d,0x6c,0x31,0x27,0x29,
0x2c,0x20,0x64,0x6f,0x63,0x75,0x6d,0x65,0x6e,0x74,0x2e,0x67,0x65,0x74,0x45,0x6c,0x65,0x6d,0x65,0x6e,
0x74,0x42,0x79,0x49,0x64,0x28,0x27,0x6c,0x65,0x61,0x66,0x2d,0x6c,0x32,0x27,0x29,0x2c,0x20,0x64,0x6f,
0x63,0x75,0x6d,0x65,0x6e,0x74,0x2e,0x67,0x65,0x74,0x45,0x6c,0x65,0x6d,0x65,0x6e,0x74,0x42,0x79,0x49,
0x64,0x28,0x27,0x6c,0x65,0x61,0x66,0x2d,0x72,0x31,0x27,0x29,0x2c,0x20,0x64,0x6f,0x63,0x75,0x6d,0x65,
0x6e,0x74,0x2e,0x67,0x65,0x74,0x45,0x6c,0x65,0x6d,0x65,0x6e,0x74,0x42,0x79,0x49,0x64,0x28,0x27,0x6c,
0x65,0x61,0x66,0x2d,0x72,0x32,0x27,0x29,0x2c,0x20,0x64,0x6f,0x63,0x75,0x6d,0x65,0x6e,0x74,0x2e,0x67,
0x65,0x74,0x45,0x6c,0x65,0x6d,0x65,0x6e,0x74,0x42,0x79,0x49,0x64,0x28,0x27,0x6c,0x65,0x61,0x66,0x2d,
0x63,0x72,0x6f,0x77,0x6e,0x27,0x29,0x5d,0x3b,0x0a,0x0a,0x20,0x20,0x20,0x20,0x20,0x20,0x20,0x20,0x20,
0x20,0x20,0x20,0x69,0x66,0x20,0x28,0x64,0x2e,0x73,0x74,0x61,0x74,0x75,0x73,0x20,0x3d,0x3d,0x3d,0x20,
0x27,0x57,0x41,0x54,0x45,0x52,0x49,0x4e,0x47,0x27,0x20,0x7c,0x7c,0x20,0x64,0x2e,0x70,0x75,0x6d,0x70,
0x5f,0x6f,0x6e,0x29,0x20,0x7b,0x0a,0x20,0x20,0x20,0x20,0x20,0x20,0x20,0x20,0x20,0x20,0x20,0x20,0x20,
0x20,0x20,0x20,0x61,0x72,0x63,0x2e,0x73,0x65,0x74,0x41,0x74,0x74,0x72,0x69,0x62,0x75,0x74,0x65,0x28,
0x27,0x73,0x74,0x72,0x6f,0x6b,0x65,0x27,0x2c,0x20,0x27,0x23,0x33,0x38,0x62,0x64,0x66,0x38,0x27,0x29,
0x3b,0x0a,0x20,0x20,0x20,0x20,0x20,0x20,0x20,0x20,0x20,0x20,0x20,0x20,0x20,0x20,0x20,0x20,0x70,0x6c,
0x61,0x6e,0x74,0x42,0x61,0x64,0x67,0x65,0x2e,0x74,0x65,0x78,0x74,0x43,0x6f,0x6e,0x74,0x65,0x6e,0x74,
0x20,0x3d,0x20,0x27,0xf0,0x9f,0x92,0xa7,0x20,0xe7,0xb5,0xa6,0xe6,0xb0,0xb4,0xe5,0x8b,0x95,0xe4,0xbd,
0x9c,0xe4,0xb8,0xad,0x20,0x28,0x57,0x61,0x74,0x65,0x72,0x69,0x6e,0x67,0x29,0x27,0x3b,0x0a,0x20,0x20,
0x20,0x20,0x20,0x20,0x20,0x20,0x20,0x20,0x20,0x20,0x20,0x20,0x20,0x20,0x70,0x6c,0x61,0x6e,0x74,0x42,
0x61,0x64,0x67,0x65,0x2e,0x63,0x6c,0x61,0x73,0x73,0x4e,0x61,0x6d,0x65,0x20,0x3d,0x20,0x27,0x70,0x78,
0x2d,0x32,0x2e,0x35,0x20,0x70,0x79,0x2d,0x30,0x2e,0x35,0x20,0x72,0x6f,0x75,0x6e,0x64,0x65,0x64,0x2d,
0x66,0x75,0x6c,0x6c,0x20,0x66,0x6f,0x6e,0x74,0x2d,0x62,0x6f,0x6c,0x64,0x20,0x62,0x67,0x2d,0x73,0x6b,
0x79,0x2d,0x39,0x35,0x30,0x20,0x74,0x65,0x78,0x74,0x2d,0x73,0x6b,0x79,0x2d,0x34,0x30,0x30,0x20,0x62,
0x6f,0x72,0x64,0x65,0x72,0x20,0x62,0x6f,0x72,0x64,0x65,0x72,0x2d,0x73,0x6b,0x79,0x2d,0x38,0x30,0x30,
0x20,0x61,0x6e,0x69,0x6d,0x61,0x74,0x65,0x2d,0x70,0x75,0x6c,0x73,0x65,0x27,0x3b,0x0a,0x20,0x20,0x20,
0x20,0x20,0x20,0x20,0x20,0x20,0x20,0x20,0x20,0x20,0x20,0x20,0x20,0x6c,0x65,0x61,0x66,0x47,0x72,0x6f,
0x75,0x70,0x4c,0x2e,0x73,0x74,0x79,0x6c,0x65,0x2e,0x74,0x72,0x61,0x6e,0x73,0x66,0x6f,0x72,0x6d,0x20,
0x3d,0x20,0x27,0x72,0x6f,0x74,0x61,0x74,0x65,0x28,0x30,0x64,0x65,0x67,0x29,0x27,0x3b,0x0a,0x20,0x20,
0x20,0x20,0x20,0x20,0x20,0x20,0x20,0x20,0x20,0x20,0x20,0x20,0x20,0x20,0x6c,0x65,0x61,0x66,0x47,0x72,
0x6f,0x75,0x70,0x52,0x2e,0x73,0x74,0x79,0x6c,0x65,0x2e,0x74,0x72,0x61,0x6e,0x73,0x66,0x6f,0x72,0x6d,
0x20,0x3d,0x20,0x27,0x72,0x6f,0x74,0x61,0x74,0x65,0x28,0x30,0x64,0x65,0x67,0x29,0x27,0x3b,0x0a,0x20,
0x20,0x20,0x20,0x20,0x20,0x20,0x20,0x20,0x20,0x20,0x20,0x20,0x20,0x20,0x20,0x6c,0x65,0x61,0x76,0x65,
0x73,0x2e,0x66,0x6f,0x72,0x45,0x61,0x63,0x68,0x28,0x6c,0x20,0x3d,0x3e,0x20,0x6c,0x20,0x26,0x26,0x20,
0x6c,0x2e,0x73,0x65,0x74,0x41,0x74,0x74,0x72,0x69,0x62,0x75,0x74,0x65,0x28,0x27,0x66,0x69,0x6c,0x6c,
0x27,0x2c,0x20,0x27,0x23,0x30,0x35,0x39,0x36,0x36,0x39,0x27,0x29,0x29,0x3b,0x0a,0x20,0x20,0x20,0x20,
0x20,0x20,0x20,0x20,0x20,0x20,0x20,0x20,0x7d,0x20,0x65,0x6c,0x73,0x65,0x20,0x69,0x66,0x20,0x28,0x64,
0x2e,0x73,0x74,0x61,0x74,0x75,0x73,0x20,0x3d,0x3d,0x3d,0x20,0x27,0x44,0x52,0x59,0x5f,0x53,0x54,0x52,
0x45,0x53,0x53,0x27,0x20,0x7c,0x7c,0x20,0x73,0x74,0x72,0x65,0x73,0x73,0x20,0x3e,0x3d,0x20,0x35,0x30,
0x29,0x20,0x7b,0x0a,0x20,0x20,0x20,0x20,0x20,0x20,0x20,0x20,0x20,0x20,0x20,0x20,0x20,0x20,0x20,0x20,
0x61,0x72,0x63,0x2e,0x73,0x65,0x74,0x41,0x74,0x74,0x72,0x69,0x62,0x75,0x74,0x65,0x28,0x27,0x73,0x74,
0x72,0x6f,0x6b,0x65,0x27,0x2c,0x20,0x27,0x23,0x66,0x35,0x39,0x65,0x30,0x62,0x27,0x29,0x3b,0x0a,0x20,
0x20,0x20,0x20,0x20,0x20,0x20,0x20,0x20,0x20,0x20,0x20,0x20,0x20,0x20,0x20,0x70,0x6c,0x61,0x6e,0x74,
0x42,0x61,0x64,0x67,0x65,0x2e,0x74,0x65,0x78,0x74,0x43,0x6f,0x6e,0x74,0x65,0x6e,0x74,0x20,0x3d,0x20,
0x27,0xf0,0x9f,0x8d,0x82,0x20,0xe4,0xb9,0xbe,0xe7,0x87,0xa5,0xe3,0x82,0xb9,0xe3,0x83,0x88,0xe3,0x83,
0xac,0xe3,0x82,0xb9,0x20,0x28,0x44,0x72,0x79,0x20,0x53,0x74,0x72,0x65,0x73,0x73,0x29,0x27,0x3b,0x0a,
0x20,0x20,0x20,0x20,0x20,0x20,0x20,0x20,0x20,0x20,0x20,0x20,0x20,0x20,0x20,0x20,0x70,0x6c,0x61,0x6e,
0x74,0x42,0x61,0x64,0x67,0x65,0x2e,0x63,0x6c,0x61,0x73,0x73,0x4e,0x61,0x6d,0x65,0x20,0x3d,0x20,0x27,
0x70,0x78,0x2d,0x32,0x2e,0x35,0x20,0x70,0x79,0x2d,0x30,0x2e,0x35,0x20,0x72,0x6f,0x75,0x6e,0x64,0x65,
0x64,0x2d,0x66,0x75,0x6c,0x6c,0x20,0x66,0x6f,0x6e,0x74,0x2d,0x62,0x6f,0x6c,0x64,0x20,0x62,0x67,0x2d,
0x61,0x6d,0x62,0x65,0x72,0x2d,0x39,0x35,0x30,0x20,0x74,0x65,0x78,0x74,0x2d,0x61,0x6d,0x62,0x65,0x72,
0x2d,0x34,0x30,0x30,0x20,0x62,0x6f,0x72,0x64,0x65,0x72,0x20,0x62,0x6f,0x72,0x64,0x65,0x72,0x2d,0x61,
0x6d,0x62,0x65,0x72,0x2d,0x38,0x30,0x30,0x27,0x3b,0x0a,0x20,0x20,0x20,0x20,0x20,0x20,0x20,0x20,0x20,
0x20,0x20,0x20,0x20,0x20,0x20,0x20,0x6c,0x65,0x61,0x66,0x47,0x72,0x6f,0x75,0x70,0x4c,0x2e,0x73,0x74,
0x79,0x6c,0x65,0x2e,0x74,0x72,0x61,0x6e,0x73,0x66,0x6f,0x72,0x6d,0x20,0x3d,0x20,0x27,0x72,0x6f,0x74,
0x61,0x74,0x65,0x28,0x31,0x38,0x64,0x65,0x67,0x29,0x20,0x74,0x72,0x61,0x6e,0x73,0x6c,0x61,0x74,0x65,
0x59,0x28,0x34,0x70,0x78,0x29,0x27,0x3b,0x0a,0x20,0x20,0x20,0x20,0x20,0x20,0x20,0x20,0x20,0x20,0x20,
0x20,0x20,0x20,0x20,0x20,0x6c,0x65,0x61,0x66,0x47,0x72,0x6f,0x75,0x70,0x52,0x2e,0x73,0x74,0x79,0x6c,
0x65,0x2e,0x74,0x72,0x61,0x6e,0x73,0x66,0x6f,0x72,0x6d,0x20,0x3d,0x20,0x27,0x72,0x6f,0x74,0x61,0x74,
0x65,0x28,0x2d,0x31,0x38,0x64,0x65,0x67,0x29,0x20,0x74,0x72,0x61,0x6e,0x73,0x6c,0x61,0x74,0x65,0x59,
0x28,0x34,0x70,0x78,0x29,0x27,0x3b,0x0a,0x20,0x20,0x20,0x20,0x20,0x20,0x20,0x20,0x20,0x20,0x20,0x20,
0x20,0x20,0x20,0x20,0x6c,0x65,0x61,0x76,0x65,0x73,0x2e,0x66,0x6f,0x72,0x45,0x61,0x63,0x68,0x28,0x6c,
0x20,0x3d,0x3e,0x20,0x6c,0x20,0x26,0x26,0x20,0x6c,0x2e,0x73,0x65,0x74,0x41,0x74,0x74,0x72,0x69,0x62,
0x75,0x74,0x65,0x28,0x27,0x66,0x69,0x6c,0x6c,0x27,0x2c,0x20,0x27,0x23,0x38,0x34,0x63,0x63,0x31,0x36,
0x27,0x29,0x29,0x3b,0x0a,0x20,0x20,0x20,0x20,0x20,0x20,0x20,0x20,0x20,0x20,0x20,0x20,0x7d,0x20,0x65,
0x6c,0x73,0x65,0x20,0x69,0x66,0x20,0x28,0x64,0x2e,0x73,0x74,0x61,0x74,0x75,0x73,0x20,0x3d,0x3d,0x3d,
0x20,0x27,0x48,0x45,0x41,0x54,0x5f,0x53,0x54,0x52,0x45,0x53,0x53,0x27,0x29,0x20,0x7b,0x0a,0x20,0x20,
0x20,0x20,0x20,0x20,0x20,0x20,0x20,0x20,0x20,0x20,0x20,0x20,0x20,0x20,0x61,0x72,0x63,0x2e,0x73,0x65,
0x74,0x41,0x74,0x74,0x72,0x69,0x62,0x75,0x74,0x65,0x28,0x27,0x73,0x74,0x72,0x6f,0x6b,0x65,0x27,0x2c,
0x20,0x27,0x23,0x66,0x39,0x37,0x33,0x31,0x36,0x27,0x29,0x3b,0x0a,0x20,0x20,0x20,0x20,0x20,0x20,0x20,
0x20,0x20,0x20,0x20,0x20,0x20,0x20,0x20,0x20,0x70,0x6c,0x61,0x6e,0x74,0x42,0x61,0x64,0x67,0x65,0x2e,
0x74,0x65,0x78,0x74,0x43,0x6f,0x6e,0x74,0x65,0x6e,0x74,0x20,0x3d,0x20,0x27,0xe2,0x98,0x80,0xef,0xb8,
0x8f,0x20,0xe7,0x86,0xb1,0xe3,0x82,0xb9,0xe3,0x83,0x88,0xe3,0x83,0xac,0xe3,0x82,0xb9,0x20,0x28,0x48,
0x65,0x61,0x74,0x20,0x53,0x74,0x72,0x65,0x73,0x73,0x29,0x27,0x3b,0x0a,0x20,0x20,0x20,0x20,0x20,0x20,
0x20,0x20,0x20,0x20,0x20,0x20,0x20,0x20,0x20,0x20,0x70,0x6c,0x61,0x6e,0x74,0x42,0x61,0x64,0x67,0x65,
0x2e,0x63,0x6c,0x61,0x73,0x73,0x4e,0x61,0x6d,0x65,0x20,0x3d,0x20,0x27,0x70,0x78,0x2d,0x32,0x2e,0x35,
0x20,0x70,0x79,0x2d,0x30,0x2e,0x35,0x20,0x72,0x6f,0x75,0x6e,0x64,0x65,0x64,0x2d,0x66,0x75,0x6c,0x6c,
0x20,0x66,0x6f,0x6e,0x74,0x2d,0x62,0x6f,0x6c,0x64,0x20,0x62,0x67,0x2d,0x6f,0x72,0x61,0x6e,0x67,0x65,
0x2d,0x39,0x35,0x30,0x20,0x74,0x65,0x78,0x74,0x2d,0x6f,0x72,0x61,0x6e,0x67,0x65,0x2d,0x34,0x30,0x30,
0x20,0x62,0x6f,0x72,0x64,0x65,0x72,0x20,0x62,0x6f,0x72,0x64,0x65,0x72,0x2d,0x6f,0x72,0x61,0x6e,0x67,
0x65,0x2d,0x38,0x30,0x30,0x20,0x61,0x6e,0x69,0x6d,0x61,0x74,0x65,0x2d,0x70,0x75,0x6c,0x73,0x65,0x27,
0x3b,0x0a,0x20,0x20,0x20,0x20,0x20,0x20,0x20,0x20,0x20,0x20,0x20,0x20,0x20,0x20,0x20,0x20,0x6c,0x65,
0x61,0x66,0x47,0x72,0x6f,0x75,0x70,0x4c,0x2e,0x73,0x74,0x79,0x6c,0x65,0x2e,0x74,0x72,0x61,0x6e,0x73,
0x66,0x6f,0x72,0x6d,0x20,0x3d,0x20,0x27,0x72,0x6f,0x74,0x61,0x74,0x65,0x28,0x31,0x34,0x64,0x65,0x67,
0x29,0x20,0x74,0x72,0x61,0x6e,0x73,0x6c,0x61,0x74,0x65,0x59,0x28,0x33,0x70,0x78,0x29,0x27,0x3b,0x0a,
0x20,0x20,0x20,0x20,0x20,0x20,0x20,0x20,0x20,0x20,0x20,0x20,0x20,0x20,0x20,0x20,0x6c,0x65,0x61,0x66,
0x47,0x72,0x6f,0x75,0x70,0x52,0x2e,0x73,0x74,0x79,0x6c,0x65,0x2e,0x74,0x72,0x61,0x6e,0x73,0x66,0x6f,
0x72,0x6d,0x20,0x3d,0x20,0x27,0x72,0x6f,0x74,0x61,0x74,0x65,0x28,0x2d,0x31,0x34,0x64,0x65,0x67,0x29,
0x20,0x74,0x72,0x61,0x6e,0x73,0x6c,0x61,0x74,0x65,0x59,0x28,0x33,0x70,0x78,0x29,0x27,0x3b,0x0a,0x20,
0x20,0x20,0x20,0x20,0x20,0x20,0x20,0x20,0x20,0x20,0x20,0x20,0x20,0x20,0x20,0x6c,0x65,0x61,0x76,0x65,
0x73,0x2e,0x66,0x6f,0x72,0x45,0x61,0x63,0x68,0x28,0x6c,0x20,0x3d,0x3e,0x20,0x6c,0x20,0x26,0x26,0x20,
0x6c,0x2e,0x73,0x65,0x74,0x41,0x74,0x74,0x72,0x69,0x62,0x75,0x74,0x65,0x28,0x27,0x66,0x69,0x6c,0x6c,
0x27,0x2c,0x20,0x27,0x23,0x65,0x61,0x62,0x33,0x30,0x38,0x27,0x29,0x29,0x3b,0x0a,0x20,0x20,0x20,0x20,
0x20,0x20,0x20,0x20,0x20,0x20,0x20,0x20,0x7d,0x20,0x65,0x6c,0x73,0x65,0x20,0x7b,0x0a,0x20,0x20,0x20,
0x20,0x20,0x20,0x20,0x20,0x20,0x20,0x20,0x20,0x20,0x20,0x20,0x20,0x61,0x72,0x63,0x2e,0x73,0x65,0x74,
0x41,0x74,0x74,0x72,0x69,0x62,0x75,0x74,0x65,0x28,0x27,0x73,0x74,0x72,0x6f,0x6b,0x65,0x27,0x2c,0x20,
0x27,0x23,0x31,0x30,0x62,0x39,0x38,0x31,0x27,0x29,0x3b,0x0a,0x20,0x20,0x20,0x20,0x20,0x20,0x20,0x20,
0x20,0x20,0x20,0x20,0x20,0x20,0x20,0x20,0x70,0x6c,0x61,0x6e,0x74,0x42,0x61,0x64,0x67,0x65,0x2e,0x74,
0x65,0x78,0x74,0x43,0x6f,0x6e,0x74,0x65,0x6e,0x74,0x20,0x3d,0x20,0x27,0xf0,0x9f,0x8c,0xb1,0x20,0xe6,
0xad,0xa3,0xe5,0xb8,0xb8,0xe3,0x83,0xbb,0xe5,0xae,0x89,0xe5,0xae,0x9a,0x20,0x28,0x48,0x65,0x61,0x6c,
0x74,0x68,0x79,0x29,0x27,0x3b,0x0a,0x20,0x20,0x20,0x20,0x20,0x20,0x20,0x20,0x20,0x20,0x20,0x20,0x20,
0x20,0x20,0x20,0x70,0x6c,0x61,0x6e,0x74,0x42,0x61,0x64,0x67,0x65,0x2e,0x63,0x6c,0x61,0x73,0x73,0x4e,
0x61,0x6d,0x65,0x20,0x3d,0x20,0x27,0x70,0x78,0x2d,0x32,0x2e,0x35,0x20,0x70,0x79,0x2d,0x30,0x2e,0x35,
0x20,0x72,0x6f,0x75,0x6e,0x64,0x65,0x64,0x2d,0x66,0x75,0x6c,0x6c,0x20,0x66,0x6f,0x6e,0x74,0x2d,0x62,
0x6f,0x6c,0x64,0x20,0x62,0x67,0x2d,0x65,0x6d,0x65,0x72,0x61,0x6c,0x64,0x2d,0x39,0x35,0x30,0x20,0x74,
0x65,0x78,0x74,0x2d,0x65,0x6d,0x65,0x72,0x61,0x6c,0x64,0x2d,0x34,0x30,0x30,0x20,0x62,0x6f,0x72,0x64,
0x65,0x72,0x20,0x62,0x6f,0x72,0x64,0x65,0x72,0x2d,0x65,0x6d,0x65,0x72,0x61,0x6c,0x64,0x2d,0x38,0x30,
0x30,0x27,0x3b,0x0a,0x20,0x20,0x20,0x20,0x20,0x20,0x20,0x20,0x20,0x20,0x20,0x20,0x20,0x20,0x20,0x20,
0x6c,0x65,0x61,0x66,0x47,0x72,0x6f,0x75,0x70,0x4c,0x2e,0x73,0x74,0x79,0x6c,0x65,0x2e,0x74,0x72,0x61,
0x6e,0x73,0x66,0x6f,0x72,0x6d,0x20,0x3d,0x20,0x27,0x72,0x6f,0x74,0x61,0x74,0x65,0x28,0x30,0x64,0x65,
0x67,0x29,0x27,0x3b,0x0a,0x20,0x20,0x20,0x20,0x20,0x20,0x20,0x20,0x20,0x20,0x20,0x20,0x20,0x20,0x20,
0x20,0x6c,0x65,0x61,0x66,0x47,0x72,0x6f,0x75,0x70,0x52,0x2e,0x73,0x74,0x79,0x6c,0x65,0x2e,0x74,0x72,
0x61,0x6e,0x73,0x66,0x6f,0x72,0x6d,0x20,0x3d,0x20,0x27,0x72,0x6f,0x74,0x61,0x74,0x65,0x28,0x30,0x64,
0x65,0x67,0x29,0x27,0x3b,0x0a,0x20,0x20,0x20,0x20,0x20,0x20,0x20,0x20,0x20,0x20,0x20,0x20,0x20,0x20,
0x20,0x20,0x6c,0x65,0x61,0x76,0x65,0x73,0x2e,0x66,0x6f,0x72,0x45,0x61,0x63,0x68,0x28,0x6c,0x20,0x3d,
0x3e,0x20,0x6c,0x20,0x26,0x26,0x20,0x6c,0x2e,0x73,0x65,0x74,0x41,0x74,0x74,0x72,0x69,0x62,0x75,0x74,
0x65,0x28,0x27,0x66,0x69,0x6c,0x6c,0x27,0x2c,0x20,0x27,0x23,0x31,0x30,0x62,0x39,0x38,0x31,0x27,0x29,
0x29,0x3b,0x0a,0x20,0x20,0x20,0x20,0x20,0x20,0x20,0x20,0x20,0x20,0x20,0x20,0x7d,0x0a,0x0a,0x20,0x20,
0x20,0x20,0x20,0x20,0x20,0x20,0x20,0x20,0x20,0x20,0x2f,0x2a,0x20,0x53,0x74,0x61,0x74,0x75,0x73,0x20,
0x54,0x65,0x78,0x74,0x20,0x2a,0x2f,0x0a,0x20,0x20,0x20,0x20,0x20,0x20,0x20,0x20,0x20,0x20,0x20,0x20,
0x64,0x6f,0x63,0x75,0x6d,0x65,0x6e,0x74,0x2e,0x67,0x65,0x74,0x45,0x6c,0x65,0x6d,0x65,0x6e,0x74,0x42,
0x79,0x49,0x64,0x28,0x27,0x73,0x74,0x61,0x74,0x75,0x73,0x2d,0x76,0x61,0x6c,0x27,0x29,0x2e,0x74,0x65,
0x78,0x74,0x43,0x6f,0x6e,0x74,0x65,0x6e,0x74,0x20,0x3d,0x20,0x64,0x2e,0x73,0x74,0x61,0x74,0x75,0x73,
0x20,0x7c,0x7c,0x20,0x27,0x2d,0x2d,0x27,0x3b,0x0a,0x20,0x20,0x20,0x20,0x20,0x20,0x20,0x20,0x20,0x20,
0x20,0x20,0x64,0x6f,0x63,0x75,0x6d,0x65,0x6e,0x74,0x2e,0x67,0x65,0x74,0x45,0x6c,0x65,0x6d,0x65,0x6e,
0x74,0x42,0x79,0x49,0x64,0x28,0x27,0x73,0x6f,0x69,0x6c,0x2d,0x74,0x72,0x65,0x6e,0x64,0x2d,0x76,0x61,
0x6c,0x27,0x29,0x2e,0x74,0x65,0x78,0x74,0x43,0x6f,0x6e,0x74,0x65,0x6e,0x74,0x20,0x3d,0x20,0x64,0x2e,
0x73,0x6f,0x69,0x6c,0x5f,0x74,0x72,0x65,0x6e,0x64,0x20,0x7c,0x7c,0x20,0x27,0x53,0x54,0x41,0x42,0x4c,
0x45,0x27,0x3b,0x0a,0x0a,0x20,0x20,0x20,0x20,0x20,0x20,0x20,0x20,0x20,0x20,0x20,0x20,0x2f,0x2a,0x20,
0x53,0x65,0x6e,0x73,0x6f,0x72,0x73,0x20,0x2a,0x2f,0x0a,0x20,0x20,0x20,0x20,0x20,0x20,0x20,0x20,0x20,
0x20,0x20,0x20,0x64,0x6f,0x63,0x75,0x6d,0x65,0x6e,0x74,0x2e,0x67,0x65,0x74,0x45,0x6c,0x65,0x6d,0x65,
0x6e,0x74,0x42,0x79,0x49,0x64,0x28,0x27,0x61,0x69,0x72,0x2d,0x74,0x65,0x6d,0x70,0x27,0x29,0x2e,0x74,
0x65,0x78,0x74,0x43,0x6f,0x6e,0x74,0x65,0x6e,0x74,0x20,0x3d,0x20,0x64,0x2e,0x61,0x69,0x72,0x5f,0x74,
0x65,0x6d,0x70,0x20,0x21,0x3d,0x3d,0x20,0x75,0x6e,0x64,0x65,0x66,0x69,0x6e,0x65,0x64,0x20,0x3f,0x20,
0x64,0x2e,0x61,0x69,0x72,0x5f,0x74,0x65,0x6d,0x70,0x2e,0x74,0x6f,0x46,0x69,0x78,0x65,0x64,0x28,0x31,
0x29,0x20,0x3a,0x20,0x27,0x2d,0x2d,0x27,0x3b,0x0a,0x20,0x20,0x20,0x20,0x20,0x20,0x20,0x20,0x20,0x20,
0x20,0x20,0x64,0x6f,0x63,0x75,0x6d,0x65,0x6e,0x74,0x2e,0x67,0x65,0x74,0x45,0x6c,0x65,0x6d,0x65,0x6e,
0x74,0x42,0x79,0x49,0x64,0x28,0x27,0x68,0x75,0x6d,0x69,0x64,0x69,0x74,0x79,0x27,0x29,0x2e,0x74,0x65,
0x78,0x74,0x43,0x6f,0x6e,0x74,0x65,0x6e,0x74,0x20,0x3d,0x20,0x64,0x2e,0x68,0x75,0x6d,0x69,0x64,0x69,
0x74,0x79,0x20,0x21,0x3d,0x3d,0x20,0x75,0x6e,0x64,0x65,0x66,0x69,0x6e,0x65,0x64,0x20,0x3f,0x20,0x64,
0x2e,0x68,0x75,0x6d,0x69,0x64,0x69,0x74,0x79,0x2e,0x74,0x6f,0x46,0x69,0x78,0x65,0x64,0x28,0x30,0x29,
0x20,0x3a,0x20,0x27,0x2d,0x2d,0x27,0x3b,0x0a,0x20,0x20,0x20,0x20,0x20,0x20,0x20,0x20,0x20,0x20,0x20,
0x20,0x64,0x6f,0x63,0x75,0x6d,0x65,0x6e,0x74,0x2e,0x67,0x65,0x74,0x45,0x6c,0x65,0x6d,0x65,0x6e,0x74,
0x42,0x79,0x49,0x64,0x28,0x27,0x6c,0x65,0x61,0x66,0x2d,0x74,0x65,0x6d,0x70,0x27,0x29,0x2e,0x74,0x65,
0x78,0x74,0x43,0x6f,0x6e,0x74,0x65,0x6e,0x74,0x20,0x3d,0x20,0x64,0x2e,0x6c,0x65,0x61,0x66,0x5f,0x74,
0x65,0x6d,0x70,0x20,0x21,0x3d,0x3d,0x20,0x75,0x6e,0x64,0x65,0x66,0x69,0x6e,0x65,0x64,0x20,0x3f,0x20,
0x64,0x2e,0x6c,0x65,0x61,0x66,0x5f,0x74,0x65,0x6d,0x70,0x2e,0x74,0x6f,0x46,0x69,0x78,0x65,0x64,0x28,
0x31,0x29,0x20,0x3a,0x20,0x27,0x2d,0x2d,0x27,0x3b,0x0a,0x20,0x20,0x20,0x20,0x20,0x20,0x20,0x20,0x20,
0x20,0x20,0x20,0x63,0x6f,0x6e,0x73,0x74,0x20,0x64,0x69,0x66,0x66,0x20,0x3d,0x20,0x64,0x2e,0x6c,0x65,
0x61,0x66,0x5f,0x61,0x69,0x72,0x5f,0x64,0x69,0x66,0x66,0x20,0x21,0x3d,0x3d,0x20,0x75,0x6e,0x64,0x65,
0x66,0x69,0x6e,0x65,0x64,0x20,0x3f,0x20,0x28,0x64,0x2e,0x6c,0x65,0x61,0x66,0x5f,0x61,0x69,0x72,0x5f,
0x64,0x69,0x66,0x66,0x20,0x3e,0x3d,0x20,0x30,0x20,0x3f,0x20,0x27,0x2b,0x27,0x20,0x3a,0x20,0x27,0x27,
0x29,0x20,0x2b,0x20,0x64,0x2e,0x6c,0x65,0x61,0x66,0x5f,0x61,0x69,0x72,0x5f,0x64,0x69,0x66,0x66,0x2e,
0x74,0x6f,0x46,0x69,0x78,0x65,0x64,0x28,0x32,0x29,0x20,0x3a,0x20,0x27,0x2d,0x2d,0x27,0x3b,0x0a,0x20,
0x20,0x20,0x20,0x20,0x20,0x20,0x20,0x20,0x20,0x20,0x20,0x64,0x6f,0x63,0x75,0x6d,0x65,0x6e,0x74,0x2e,
0x67,0x65,0x74,0x45,0x6c,0x65,0x6d,0x65,0x6e,0x74,0x42,0x79,0x49,0x64,0x28,0x27,0x6c,0x65,0x61,0x66,
0x2d,0x64,0x69,0x66,0x66,0x27,0x29,0x2e,0x74,0x65,0x78,0x74,0x43,0x6f,0x6e,0x74,0x65,0x6e,0x74,0x20,
0x3d,0x20,0x64,0x69,0x66,0x66,0x3b,0x0a,0x20,0x20,0x20,0x20,0x20,0x20,0x20,0x20,0x20,0x20,0x20,0x20,
0x64,0x6f,0x63,0x75,0x6d,0x65,0x6e,0x74,0x2e,0x67,0x65,0x74,0x45,0x6c,0x65,0x6d,0x65,0x6e,0x74,0x42,
0x79,0x49,0x64,0x28,0x27,0x73,0x6f,0x69,0x6c,0x2d,0x72,0x61,0x77,0x27,0x29,0x2e,0x74,0x65,0x78,0x74,
0x43,0x6f,0x6e,0x74,0x65,0x6e,0x74,0x20,0x3d,0x20,0x64,0x2e,0x73,0x6f,0x69,0x6c,0x5f,0x72,0x61,0x77,
0x20,0x21,0x3d,0x3d,0x20,0x75,0x6e,0x64,0x65,0x66,0x69,0x6e,0x65,0x64,0x20,0x3f,0x20,0x64,0x2e,0x73,
0x6f,0x69,0x6c,0x5f,0x72,0x61,0x77,0x20,0x3a,0x20,0x27,0x2d,0x2d,0x27,0x3b,0x0a,0x20,0x20,0x20,0x20,
0x20,0x20,0x20,0x20,0x20,0x20,0x20,0x20,0x64,0x6f,0x63,0x75,0x6d,0x65,0x6e,0x74,0x2e,0x67,0x65,0x74,
0x45,0x6c,0x65,0x6d,0x65,0x6e,0x74,0x42,0x79,0x49,0x64,0x28,0x27,0x73,0x6f,0x69,0x6c,0x2d,0x72,0x61,
0x77,0x2d,0x73,0x75,0x62,0x27,0x29,0x2e,0x74,0x65,0x78,0x74,0x43,0x6f,0x6e,0x74,0x65,0x6e,0x74,0x20,
0x3d,0x20,0x64,0x2e,0x73,0x6f,0x69,0x6c,0x5f,0x72,0x61,0x77,0x20,0x21,0x3d,0x3d,0x20,0x75,0x6e,0x64,
0x65,0x66,0x69,0x6e,0x65,0x64,0x20,0x3f,0x20,0x64,0x2e,0x73,0x6f,0x69,0x6c,0x5f,0x72,0x61,0x77,0x20,
0x3a,0x20,0x27,0x2d,0x2d,0x27,0x3b,0x0a,0x20,0x20,0x20,0x20,0x20,0x20,0x20,0x20,0x20,0x20,0x20,0x20,
0x64,0x6f,0x63,0x75,0x6d,0x65,0x6e,0x74,0x2e,0x67,0x65,0x74,0x45,0x6c,0x65,0x6d,0x65,0x6e,0x74,0x42,
0x79,0x49,0x64,0x28,0x27,0x6c,0x75,0x78,0x27,0x29,0x2e,0x74,0x65,0x78,0x74,0x43,0x6f,0x6e,0x74,0x65,
0x6e,0x74,0x20,0x3d,0x20,0x64,0x2e,0x6c,0x75,0x78,0x20,0x21,0x3d,0x3d,0x20,0x75,0x6e,0x64,0x65,0x66,
0x69,0x6e,0x65,0x64,0x20,0x3f,0x20,0x64,0x2e,0x6c,0x75,0x78,0x20,0x3a,0x20,0x27,0x2d,0x2d,0x27,0x3b,
0x0a,0x0a,0x20,0x20,0x20,0x20,0x20,0x20,0x20,0x20,0x20,0x20,0x20,0x20,0x2f,0x2a,0x20,0x54,0x61,0x6e,
0x6b,0x20,0x26,0x20,0x50,0x75,0x6d,0x70,0x20,0x2a,0x2f,0x0a,0x20,0x20,0x20,0x20,0x20,0x20,0x20,0x20,
0x20,0x20,0x20,0x20,0x63,0x6f,0x6e,0x73,0x74,0x20,0x74,0x61,0x6e,0x6b,0x42,0x61,0x64,0x67,0x65,0x20,
0x3d,0x20,0x64,0x6f,0x63,0x75,0x6d,0x65,0x6e,0x74,0x2e,0x67,0x65,0x74,0x45,0x6c,0x65,0x6d,0x65,0x6e,
0x74,0x42,0x79,0x49,0x64,0x28,0x27,0x74,0x61,0x6e,0x6b,0x2d,0x62,0x61,0x64,0x67,0x65,0x27,0x29,0x3b,
0x0a,0x20,0x20,0x20,0x20,0x20,0x20,0x20,0x20,0x20,0x20,0x20,0x20,0x69,0x66,0x20,0x28,0x64,0x2e,0x74,
0x61,0x6e,0x6b,0x5f,0x6c,0x69,0x71,0x75,0x69,0x64,0x29,0x20,0x7b,0x0a,0x20,0x20,0x20,0x20,0x20,0x20,
0x20,0x20,0x20,0x20,0x20,0x20,0x20,0x20,0x20,0x20,0x74,0x61,0x6e,0x6b,0x42,0x61,0x64,0x67,0x65,0x2e,
0x63,0x6c,0x61,0x73,0x73,0x4e,0x61,0x6d,0x65,0x20,0x3d,0x20,0x27,0x70,0x78,0x2d,0x32,0x2e,0x35,0x20,
0x70,0x79,0x2d,0x31,0x20,0x72,0x6f,0x75,0x6e,0x64,0x65,0x64,0x20,0x74,0x65,0x78,0x74,0x2d,0x78,0x73,
0x20,0x66,0x6f,0x6e,0x74,0x2d,0x62,0x6f,0x6c,0x64,0x20,0x62,0x67,0x2d,0x65,0x6d,0x65,0x72,0x61,0x6c,
0x64,0x2d,0x39,0x35,0x30,0x20,0x74,0x65,0x78,0x74,0x2d,0x65,0x6d,0x65,0x72,0x61,0x6c,0x64,0x2d,0x34,
0x30,0x30,0x20,0x62,0x6f,0x72,0x64,0x65,0x72,0x20,0x62,0x6f,0x72,0x64,0x65,0x72,0x2d,0x65,0x6d,0x65,
0x72,0x61,0x6c,0x64,0x2d,0x38,0x30,0x30,0x27,0x3b,0x0a,0x20,0x20,0x20,0x20,0x20,0x20,0x20,0x20,0x20,
0x20,0x20,0x20,0x20,0x20,0x20,0x20,0x74,0x61,0x6e,0x6b,0x42,0x61,0x64,0x67,0x65,0x2e,0x74,0x65,0x78,
0x74,0x43,0x6f,0x6e,0x74,0x65,0x6e,0x74,0x20,0x3d,0x20,0x27,0xe3,0x82,0xbf,0xe3,0x83,0xb3,0xe3,0x82,
0xaf,0xe6,0xba,0x80,0xe6,0xb0,0xb4,0x27,0x3b,0x0a,0x20,0x20,0x20,0x20,0x20,0x20,0x20,0x20,0x20,0x20,
0x20,0x20,0x7d,0x20,0x65,0x6c,0x73,0x65,0x20,0x7b,0x0a,0x20,0x20,0x20,0x20,0x20,0x20,0x20,0x20,0x20,
0x20,0x20,0x20,0x20,0x20,0x20,0x20,0x74,0x61,0x6e,0x6b,0x42,0x61,0x64,0x67,0x65,0x2e,0x63,0x6c,0x61,
0x73,0x73,0x4e,0x61,0x6d,0x65,0x20,0x3d,0x20,0x27,0x70,0x78,0x2d,0x32,0x2e,0x35,0x20,0x70,0x79,0x2d,
0x31,0x20,0x72,0x6f,0x75,0x6e,0x64,0x65,0x64,0x20,0x74,0x65,0x78,0x74,0x2d,0x78,0x73,0x20,0x66,0x6f,
0x6e,0x74,0x2d,0x62,0x6f,0x6c,0x64,0x20,0x62,0x67,0x2d,0x72,0x6f,0x73,0x65,0x2d,0x39,0x35,0x30,0x20,
0x74,0x65,0x78,0x74,0x2d,0x72,0x6f,0x73,0x65,0x2d,0x34,0x30,0x30,0x20,0x62,0x6f,0x72,0x64,0x65,0x72,
0x20,0x62,0x6f,0x72,0x64,0x65,0x72,0x2d,0x72,0x6f,0x73,0x65,0x2d,0x38,0x30,0x30,0x27,0x3b,0x0a,0x20,
0x20,0x20,0x20,0x20,0x20,0x20,0x20,0x20,0x20,0x20,0x20,0x20,0x20,0x20,0x20,0x74,0x61,0x6e,0x6b,0x42,
0x61,0x64,0x67,0x65,0x2e,0x74,0x65,0x78,0x74,0x43,0x6f,0x6e,0x74,0x65,0x6e,0x74,0x20,0x3d,0x20,0x27,
0xe3,0x82,0xbf,0xe3,0x83,0xb3,0xe3,0x82,0xaf,0xe7,0xa9,0xba,0x20,0x28,0xe7,0xb5,0xa6,0xe6,0xb0,0xb4,
0xe4,0xb8,0x8d,0xe5,0x8f,0xaf,0x29,0x27,0x3b,0x0a,0x20,0x20,0x20,0x20,0x20,0x20,0x20,0x20,0x20,0x20,
0x20,0x20,0x7d,0x0a,0x0a,0x20,0x20,0x20,0x20,0x20,0x20,0x20,0x20,0x20,0x20,0x20,0x20,0x63,0x6f,0x6e,
0x73,0x74,0x20,0x70,0x75,0x6d,0x70,0x42,0x61,0x64,0x67,0x65,0x20,0x3d,0x20,0x64,0x6f,0x63,0x75,0x6d,
0x65,0x6e,0x74,0x2e,0x67,0x65,0x74,0x45,0x6c,0x65,0x6d,0x65,0x6e,0x74,0x42,0x79,0x49,0x64,0x28,0x27,
0x70,0x75,0x6d,0x70,0x2d,0x62,0x61,0x64,0x67,0x65,0x27,0x29,0x3b,0x0a,0x20,0x20,0x20,0x20,0x20,0x20,
0x20,0x20,0x20,0x20,0x20,0x20,0x69,0x66,0x20,0x28,0x64,0x2e,0x70,0x75,0x6d,0x70,0x5f,0x6f,0x6e,0x29,
0x20,0x7b,0x0a,0x20,0x20,0x20,0x20,0x20,0x20,0x20,0x20,0x20,0x20,0x20,0x20,0x20,0x20,0x20,0x20,0x70,
0x75,0x6d,0x70,0x42,0x61,0x64,0x67,0x65,0x2e,0x63,0x6c,0x61,0x73,0x73,0x4e,0x61,0x6d,0x65,0x20,0x3d,
0x20,0x27,0x70,0x78,0x2d,0x32,0x2e,0x35,0x20,0x70,0x79,0x2d,0x31,0x20,0x72,0x6f,0x75,0x6e,0x64,0x65,
0x64,0x20,0x74,0x65,0x78,0x74,0x2d,0x78,0x73,0x20,0x66,0x6f,0x6e,0x74,0x2d,0x62,0x6f,0x6c,0x64,0x20,
0x62,0x67,0x2d,0x73,0x6b,0x79,0x2d,0x39,0x35,0x30,0x20,0x74,0x65,0x78,0x74,0x2d,0x73,0x6b,0x79,0x2d,
0x34,0x30,0x30,0x20,0x62,0x6f,0x72,0x64,0x65,0x72,0x20,0x62,0x6f,0x72,0x64,0x65,0x72,0x2d,0x73,0x6b,
0x79,0x2d,0x38,0x30,0x30,0x20,0x61,0x6e,0x69,0x6d,0x61,0x74,0x65,0x2d,0x70,0x75,0x6c,0x73,0x65,0x27,
0x3b,0x0a,0x20,0x20,0x20,0x20,0x20,0x20,0x20,0x20,0x20,0x20,0x20,0x20,0x20,0x20,0x20,0x20,0x70,0x75,
0x6d,0x70,0x42,0x61,0x64,0x67,0x65,0x2e,0x74,0x65,0x78,0x74,0x43,0x6f,0x6e,0x74,0x65,0x6e,0x74,0x20,
0x3d,0x20,0x27,0xf0,0x9f,0x92,0xa7,0x20,0xe7,0xb5,0xa6,0xe6,0xb0,0xb4,0xe4,0xb8,0xad,0x20,0x28,0x4f,
0x4e,0x29,0x27,0x3b,0x0a,0x20,0x20,0x20,0x20,0x20,0x20,0x20,0x20,0x20,0x20,0x20,0x20,0x7d,0x20,0x65,
0x6c,0x73,0x65,0x20,0x7b,0x0a,0x20,0x20,0x20,0x20,0x20,0x20,0x20,0x20,0x20,0x20,0x20,0x20,0x20,0x20,
0x20,0x20,0x70,0x75,0x6d,0x70,0x42,0x61,0x64,0x67,0x65,0x2e,0x63,0x6c,0x61,0x73,0x73,0x4e,0x61,0x6d,
0x65,0x20,0x3d,0x20,0x27,0x70,0x78,0x2d,0x32,0x2e,0x35,0x20,0x70,0x79,0x2d,0x31,0x20,0x72,0x6f,0x75,
0x6e,0x64,0x65,0x64,0x20,0x74,0x65,0x78,0x74,0x2d,0x78,0x73,0x20,0x66,0x6f,0x6e,0x74,0x2d,0x62,0x6f,
0x6c,0x64,0x20,0x62,0x67,0x2d,0x73,0x6c,0x61,0x74,0x65,0x2d,0x37,0x30,0x30,0x20,0x74,0x65,0x78,0x74,
0x2d,0x73,0x6c,0x61,0x74,0x65,0x2d,0x33,0x30,0x30,0x27,0x3b,0x0a,0x20,0x20,0x20,0x20,0x20,0x20,0x20,
0x20,0x20,0x20,0x20,0x20,0x20,0x20,0x20,0x20,0x70,0x75,0x6d,0x70,0x42,0x61,0x64,0x67,0x65,0x2e,0x74,
0x65,0x78,0x74,0x43,0x6f,0x6e,0x74,0x65,0x6e,0x74,0x20,0x3d,0x20,0x27,0xe3,0x83,0x9d,0xe3,0x83,0xb3,
0xe3,0x83,0x97,0xe5,0x81,0x9c,0xe6,0xad,0xa2,0x27,0x3b,0x0a,0x20,0x20,0x20,0x20,0x20,0x20,0x20,0x20,
0x20,0x20,0x20,0x20,0x7d,0x0a,0x0a,0x20,0x20,0x20,0x20,0x20,0x20,0x20,0x20,0x20,0x20,0x20,0x20,0x64,
0x6f,0x63,0x75,0x6d,0x65,0x6e,0x74,0x2e,0x67,0x65,0x74,0x45,0x6c,0x65,0x6d,0x65,0x6e,0x74,0x42,0x79,
0x49,0x64,0x28,0x27,0x64,0x65,0x6d,0x6f,0x2d,0x74,0x6f,0x67,0x67,0x6c,0x65,0x27,0x29,0x2e,0x63,0x68,
0x65,0x63,0x6b,0x65,0x64,0x20,0x3d,0x20,0x21,0x21,0x64,0x2e,0x64,0x65,0x6d,0x6f,0x5f,0x6d,0x6f,0x64,
0x65,0x3b,0x0a,0x0a,0x20,0x20,0x20,0x20,0x20,0x20,0x20,0x20,0x20,0x20,0x20,0x20,0x2f,0x2a,0x20,0x44,
0x54,0x2d,0x45,0x42,0x4d,0x4c,0x20,0x43,0x6f,0x6e,0x6e,0x65,0x63,0x74,0x69,0x6f,0x6e,0x20,0x42,0x61,
0x64,0x67,0x65,0x20,0x2a,0x2f,0x0a,0x20,0x20,0x20,0x20,0x20,0x20,0x20,0x20,0x20,0x20,0x20,0x20,0x63,
0x6f,0x6e,0x73,0x74,0x20,0x65,0x62,0x6d,0x6c,0x44,0x6f,0x74,0x20,0x3d,0x20,0x64,0x6f,0x63,0x75,0x6d,
0x65,0x6e,0x74,0x2e,0x67,0x65,0x74,0x45,0x6c,0x65,0x6d,0x65,0x6e,0x74,0x42,0x79,0x49,0x64,0x28,0x27,
0x65,0x62,0x6d,0x6c,0x2d,0x64,0x6f,0x74,0x27,0x29,0x3b,0x0a,0x20,0x20,0x20,0x20,0x20,0x20,0x20,0x20,
0x20,0x20,0x20,0x20,0x63,0x6f,0x6e,0x73,0x74,0x20,0x65,0x62,0x6d,0x6c,0x54,0x65,0x78,0x74,0x20,0x3d,
0x20,0x64,0x6f,0x63,0x75,0x6d,0x65,0x6e,0x74,0x2e,0x67,0x65,0x74,0x45,0x6c,0x65,0x6d,0x65,0x6e,0x74,
0x42,0x79,0x49,0x64,0x28,0x27,0x65,0x62,0x6d,0x6c,0x2d,0x74,0x65,0x78,0x74,0x27,0x29,0x3b,0x0a,0x20,
0x20,0x20,0x20,0x20,0x20,0x20,0x20,0x20,0x20,0x20,0x20,0x69,0x66,0x20,0x28,0x65,0x62,0x6d,0x6c,0x44,
0x6f,0x74,0x20,0x26,0x26,0x20,0x65,0x62,0x6d,0x6c,0x54,0x65,0x78,0x74,0x29,0x20,0x7b,0x0a,0x20,0x20,
0x20,0x20,0x20,0x20,0x20,0x20,0x20,0x20,0x20,0x20,0x20,0x20,0x20,0x20,0x69,0x66,0x20,0x28,0x64,0x2e,
0x65,0x62,0x6d,0x6c,0x5f,0x63,0x6f,0x6e,0x6e,0x65,0x63,0x74,0x65,0x64,0x29,0x20,0x7b,0x0a,0x20,0x20,
0x20,0x20,0x20,0x20,0x20,0x20,0x20,0x20,0x20,0x20,0x20,0x20,0x20,0x20,0x20,0x20,0x20,0x20,0x65,0x62,
0x6d,0x6c,0x44,0x6f,0x74,0x2e,0x63,0x6c,0x61,0x73,0x73,0x4e,0x61,0x6d,0x65,0x20,0x3d,0x20,0x27,0x77,
0x2d,0x32,0x2e,0x35,0x20,0x68,0x2d,0x32,0x2e,0x35,0x20,0x72,0x6f,0x75,0x6e,0x64,0x65,0x64,0x2d,0x66,
0x75,0x6c,0x6c,0x20,0x62,0x67,0x2d,0x65,0x6d,0x65,0x72,0x61,0x6c,0x64,0x2d,0x34,0x30,0x30,0x27,0x3b,
0x0a,0x20,0x20,0x20,0x20,0x20,0x20,0x20,0x20,0x20,0x20,0x20,0x20,0x20,0x20,0x20,0x20,0x20,0x20,0x20,
0x20,0x65,0x62,0x6d,0x6c,0x54,0x65,0x78,0x74,0x2e,0x63,0x6c,0x61,0x73,0x73,0x4e,0x61,0x6d,0x65,0x20,
0x3d,0x20,0x27,0x74,0x65,0x78,0x74,0x2d,0x78,0x73,0x20,0x66,0x6f,0x6e,0x74,0x2d,0x73,0x65,0x6d,0x69,
0x62,0x6f,0x6c,0x64,0x20,0x74,0x65,0x78,0x74,0x2d,0x65,0x6d,0x65,0x72,0x61,0x6c,0x64,0x2d,0x34,0x30,
0x30,0x27,0x3b,0x0a,0x20,0x20,0x20,0x20,0x20,0x20,0x20,0x20,0x20,0x20,0x20,0x20,0x20,0x20,0x20,0x20,
0x20,0x20,0x20,0x20,0x65,0x62,0x6d,0x6c,0x54,0x65,0x78,0x74,0x2e,0x74,0x65,0x78,0x74,0x43,0x6f,0x6e,
0x74,0x65,0x6e,0x74,0x20,0x3d,0x20,0x64,0x2e,0x63,0x6f,0x6e,0x6e,0x5f,0x74,0x79,0x70,0x65,0x20,0x3f,
0x20,0x27,0xe6,0x8e,0xa5,0xe7,0xb6,0x9a,0xe4,0xb8,0xad,0x20,0x28,0x27,0x20,0x2b,0x20,0x64,0x2e,0x63,
0x6f,0x6e,0x6e,0x5f,0x74,0x79,0x70,0x65,0x20,0x2b,0x20,0x27,0x29,0x27,0x20,0x3a,0x20,0x27,0xe6,0x8e,
0xa5,0xe7,0xb6,0x9a,0xe4,0xb8,0xad,0x20,0x28,0x49,0x32,0x43,0x29,0x27,0x3b,0x0a,0x20,0x20,0x20,0x20,
0x20,0x20,0x20,0x20,0x20,0x20,0x20,0x20,0x20,0x20,0x20,0x20,0x7d,0x20,0x65,0x6c,0x73,0x65,0x20,0x7b,
0x0a,0x20,0x20,0x20,0x20,0x20,0x20,0x20,0x20,0x20,0x20,0x20,0x20,0x20,0x20,0x20,0x20,0x20,0x20,0x20,
0x20,0x65,0x62,0x6d,0x6c,0x44,0x6f,0x74,0x2e,0x63,0x6c,0x61,0x73,0x73,0x4e,0x61,0x6d,0x65,0x20,0x3d,
0x20,0x27,0x77,0x2d,0x32,0x2e,0x35,0x20,0x68,0x2d,0x32,0x2e,0x35,0x20,0x72,0x6f,0x75,0x6e,0x64,0x65,
0x64,0x2d,0x66,0x75,0x6c,0x6c,0x20,0x62,0x67,0x2d,0x72,0x6f,0x73,0x65,0x2d,0x35,0x30,0x30,0x20,0x61,
0x6e,0x69,0x6d,0x61,0x74,0x65,0x2d,0x70,0x75,0x6c,0x73,0x65,0x27,0x3b,0x0a,0x20,0x20,0x20,0x20,0x20,
0x20,0x20,0x20,0x20,0x20,0x20,0x20,0x20,0x20,0x20,0x20,0x20,0x20,0x20,0x20,0x65,0x62,0x6d,0x6c,0x54,
0x65,0x78,0x74,0x2e,0x63,0x6c,0x61,0x73,0x73,0x4e,0x61,0x6d,0x65,0x20,0x3d,0x20,0x27,0x74,0x65,0x78,
0x74,0x2d,0x78,0x73,0x20,0x66,0x6f,0x6e,0x74,0x2d,0x73,0x65,0x6d,0x69,0x62,0x6f,0x6c,0x64,0x20,0x74,
0x65,0x78,0x74,0x2d,0x72,0x6f,0x73,0x65,0x2d,0x34,0x30,0x30,0x27,0x3b,0x0a,0x20,0x20,0x20,0x20,0x20,
0x20,0x20,0x20,0x20,0x20,0x20,0x20,0x20,0x20,0x20,0x20,0x20,0x20,0x20,0x20,0x65,0x62,0x6d,0x6c,0x54,
0x65,0x78,0x74,0x2e,0x74,0x65,0x78,0x74,0x43,0x6f,0x6e,0x74,0x65,0x6e,0x74,0x20,0x3d,0x20,0x27,0xe6,
0x9c,0xaa,0xe6,0x8e,0xa5,0xe7,0xb6,0x9a,0x27,0x3b,0x0a,0x20,0x20,0x20,0x20,0x20,0x20,0x20,0x20,0x20,
0x20,0x20,0x20,0x20,0x20,0x20,0x20,0x7d,0x0a,0x20,0x20,0x20,0x20,0x20,0x20,0x20,0x20,0x20,0x20,0x20,
0x20,0x7d,0x0a,0x0a,0x20,0x20,0x20,0x20,0x20,0x20,0x20,0x20,0x20,0x20,0x20,0x20,0x2f,0x2a,0x20,0x55,
0x70,0x64,0x61,0x74,0x65,0x20,0x43,0x68,0x61,0x72,0x74,0x73,0x20,0x2a,0x2f,0x0a,0x20,0x20,0x20,0x20,
0x20,0x20,0x20,0x20,0x20,0x20,0x20,0x20,0x63,0x6f,0x6e,0x73,0x74,0x20,0x6e,0x6f,0x77,0x20,0x3d,0x20,
0x6e,0x65,0x77,0x20,0x44,0x61,0x74,0x65,0x28,0x29,0x3b,0x0a,0x20,0x20,0x20,0x20,0x20,0x20,0x20,0x20,
0x20,0x20,0x20,0x20,0x63,0x6f,0x6e,0x73,0x74,0x20,0x74,0x69,0x6d,0x65,0x53,0x74,0x72,0x20,0x3d,0x20,
0x60,0x24,0x7b,0x6e,0x6f,0x77,0x2e,0x67,0x65,0x74,0x48,0x6f,0x75,0x72,0x73,0x28,0x29,0x2e,0x74,0x6f,
0x53,0x74,0x72,0x69,0x6e,0x67,0x28,0x29,0x2e,0x70,0x61,0x64,0x53,0x74,0x61,0x72,0x74,0x28,0x32,0x2c,
0x20,0x27,0x30,0x27,0x29,0x7d,0x3a,0x24,0x7b,0x6e,0x6f,0x77,0x2e,0x67,0x65,0x74,0x4d,0x69,0x6e,0x75,
0x74,0x65,0x73,0x28,0x29,0x2e,0x74,0x6f,0x53,0x74,0x72,0x69,0x6e,0x67,0x28,0x29,0x2e,0x70,0x61,0x64,
0x53,0x74,0x61,0x72,0x74,0x28,0x32,0x2c,0x20,0x27,0x30,0x27,0x29,0x7d,0x3a,0x24,0x7b,0x6e,0x6f,0x77,
0x2e,0x67,0x65,0x74,0x53,0x65,0x63,0x6f,0x6e,0x64,0x73,0x28,0x29,0x2e,0x74,0x6f,0x53,0x74,0x72,0x69,
0x6e,0x67,0x28,0x29,0x2e,0x70,0x61,0x64,0x53,0x74,0x61,0x72,0x74,0x28,0x32,0x2c,0x20,0x27,0x30,0x27,
0x29,0x7d,0x60,0x3b,0x0a,0x20,0x20,0x20,0x20,0x20,0x20,0x20,0x20,0x20,0x20,0x20,0x20,0x0a,0x20,0x20,
0x20,0x20,0x20,0x20,0x20,0x20,0x20,0x20,0x20,0x20,0x69,0x66,0x20,0x28,0x74,0x69,0x6d,0x65,0x4c,0x61,
0x62,0x65,0x6c,0x73,0x2e,0x6c,0x65,0x6e,0x67,0x74,0x68,0x20,0x3e,0x3d,0x20,0x6d,0x61,0x78,0x44,0x61,
0x74,0x61,0x50,0x6f,0x69,0x6e,0x74,0x73,0x29,0x20,0x7b,0x0a,0x20,0x20,0x20,0x20,0x20,0x20,0x20,0x20,
0x20,0x20,0x20,0x20,0x20,0x20,0x20,0x20,0x74,0x69,0x6d,0x65,0x4c,0x61,0x62,0x65,0x6c,0x73,0x2e,0x73,
0x68,0x69,0x66,0x74,0x28,0x29,0x3b,0x0a,0x20,0x20,0x20,0x20,0x20,0x20,0x20,0x20,0x20,0x20,0x20,0x20,
0x20,0x20,0x20,0x20,0x61,0x69,0x72,0x54,0x65,0x6d,0x70,0x44,0x61,0x74,0x61,0x2e,0x73,0x68,0x69,0x66,
0x74,0x28,0x29,0x3b,0x0a,0x20,0x20,0x20,0x20,0x20,0x20,0x20,0x20,0x20,0x20,0x20,0x20,0x20,0x20,0x20,
0x20,0x6c,0x65,0x61,0x66,0x54,0x65,0x6d,0x70,0x44,0x61,0x74,0x61,0x2e,0x73,0x68,0x69,0x66,0x74,0x28,
0x29,0x3b,0x0a,0x20,0x20,0x20,0x20,0x20,0x20,0x20,0x20,0x20,0x20,0x20,0x20,0x20,0x20,0x20,0x20,0x73,
0x6f,0x69,0x6c,0x44,0x61,0x74,0x61,0x2e,0x73,0x68,0x69,0x66,0x74,0x28,0x29,0x3b,0x0a,0x20,0x20,0x20,
0x20,0x20,0x20,0x20,0x20,0x20,0x20,0x20,0x20,0x7d,0x0a,0x0a,0x20,0x20,0x20,0x20,0x20,0x20,0x20,0x20,
0x20,0x20,0x20,0x20,0x74,0x69,0x6d,0x65,0x4c,0x61,0x62,0x65,0x6c,0x73,0x2e,0x70,0x75,0x73,0x68,0x28,
0x74,0x69,0x6d,0x65,0x53,0x74,0x72,0x29,0x3b,0x0a,0x20,0x20,0x20,0x20,0x20,0x20,0x20,0x20,0x20,0x20,
0x20,0x20,0x61,0x69,0x72,0x54,0x65,0x6d,0x70,0x44,0x61,0x74,0x61,0x2e,0x70,0x75,0x73,0x68,0x28,0x64,
0x2e,0x61,0x69,0x72,0x5f,0x74,0x65,0x6d,0x70,0x29,0x3b,0x0a,0x20,0x20,0x20,0x20,0x20,0x20,0x20,0x20,
0x20,0x20,0x20,0x20,0x6c,0x65,0x61,0x66,0x54,0x65,0x6d,0x70,0x44,0x61,0x74,0x61,0x2e,0x70,0x75,0x73,
0x68,0x28,0x64,0x2e,0x6c,0x65,0x61,0x66,0x5f,0x74,0x65,0x6d,0x70,0x29,0x3b,0x0a,0x20,0x20,0x20,0x20,
0x20,0x20,0x20,0x20,0x20,0x20,0x20,0x20,0x73,0x6f,0x69,0x6c,0x44,0x61,0x74,0x61,0x2e,0x70,0x75,0x73,
0x68,0x28,0x64,0x2e,0x73,0x6f,0x69,0x6c,0x5f,0x72,0x61,0x77,0x29,0x3b,0x0a,0x0a,0x20,0x20,0x20,0x20,
0x20,0x20,0x20,0x20,0x20,0x20,0x20,0x20,0x74,0x65,0x6d,0x70,0x43,0x68,0x61,0x72,0x74,0x2e,0x75,0x70,
0x64,0x61,0x74,0x65,0x28,0x27,0x6e,0x6f,0x6e,0x65,0x27,0x29,0x3b,0x0a,0x20,0x20,0x20,0x20,0x20,0x20,
0x20,0x20,0x20,0x20,0x20,0x20,0x73,0x6f,0x69,0x6c,0x43,0x68,0x61,0x72,0x74,0x2e,0x75,0x70,0x64,0x61,
0x74,0x65,0x28,0x27,0x6e,0x6f,0x6e,0x65,0x27,0x29,0x3b,0x0a,0x20,0x20,0x20,0x20,0x20,0x20,0x20,0x20,
0x7d,0x0a,0x0a,0x0a,0x0a,0x20,0x20,0x20,0x20,0x20,0x20,0x20,0x20,0x66,0x75,0x6e,0x63,0x74,0x69,0x6f,
0x6e,0x20,0x74,0x72,0x69,0x67,0x67,0x65,0x72,0x57,0x61,0x74,0x65,0x72,0x69,0x6e,0x67,0x28,0x29,0x20,
0x7b,0x0a,0x20,0x20,0x20,0x20,0x20,0x20,0x20,0x20,0x20,0x20,0x20,0x20,0x69,0x66,0x20,0x28,0x77,0x73,
0x20,0x26,0x26,0x20,0x77,0x73,0x2e,0x72,0x65,0x61,0x64,0x79,0x53,0x74,0x61,0x74,0x65,0x20,0x3d,0x3d,
0x3d,0x20,0x57,0x65,0x62,0x53,0x6f,0x63,0x6b,0x65,0x74,0x2e,0x4f,0x50,0x45,0x4e,0x29,0x20,0x7b,0x0a,
0x20,0x20,0x20,0x20,0x20,0x20,0x20,0x20,0x20,0x20,0x20,0x20,0x20,0x20,0x20,0x20,0x77,0x73,0x2e,0x73,
0x65,0x6e,0x64,0x28,0x27,0x77,0x61,0x74,0x65,0x72,0x27,0x29,0x3b,0x0a,0x20,0x20,0x20,0x20,0x20,0x20,
0x20,0x20,0x20,0x20,0x20,0x20,0x7d,0x20,0x65,0x6c,0x73,0x65,0x20,0x7b,0x0a,0x20,0x20,0x20,0x20,0x20,
0x20,0x20,0x20,0x20,0x20,0x20,0x20,0x20,0x20,0x20,0x20,0x66,0x65,0x74,0x63,0x68,0x28,0x27,0x2f,0x61,
0x70,0x69,0x2f,0x77,0x61,0x74,0x65,0x72,0x27,0x2c,0x20,0x7b,0x20,0x6d,0x65,0x74,0x68,0x6f,0x64,0x3a,
0x20,0x27,0x50,0x4f,0x53,0x54,0x27,0x20,0x7d,0x29,0x3b,0x0a,0x20,0x20,0x20,0x20,0x20,0x20,0x20,0x20,
0x20,0x20,0x20,0x20,0x7d,0x0a,0x20,0x20,0x20,0x20,0x20,0x20,0x20,0x20,0x7d,0x0a,0x0a,0x20,0x20,0x20,
0x20,0x20,0x20,0x20,0x20,0x66,0x75,0x6e,0x63,0x74,0x69,0x6f,0x6e,0x20,0x74,0x6f,0x67,0x67,0x6c,0x65,
0x44,0x65,0x6d,0x6f,0x28,0x65,0x6e,0x61,0x62,0x6c,0x65,0x29,0x20,0x7b,0x0a,0x20,0x20,0x20,0x20,0x20,
0x20,0x20,0x20,0x20,0x20,0x20,0x20,0x63,0x6f,0x6e,0x73,0x74,0x20,0x63,0x6d,0x64,0x20,0x3d,0x20,0x65,
0x6e,0x61,0x62,0x6c,0x65,0x20,0x3f,0x20,0x27,0x64,0x65,0x6d,0x6f,0x5f,0x6f,0x6e,0x27,0x20,0x3a,0x20,
0x27,0x64,0x65,0x6d,0x6f,0x5f,0x6f,0x66,0x66,0x27,0x3b,0x0a,0x20,0x20,0x20,0x20,0x20,0x20,0x20,0x20,
0x20,0x20,0x20,0x20,0x69,0x66,0x20,0x28,0x77,0x73,0x20,0x26,0x26,0x20,0x77,0x73,0x2e,0x72,0x65,0x61,
0x64,0x79,0x53,0x74,0x61,0x74,0x65,0x20,0x3d,0x3d,0x3d,0x20,0x57,0x65,0x62,0x53,0x6f,0x63,0x6b,0x65,
0x74,0x2e,0x4f,0x50,0x45,0x4e,0x29,0x20,0x7b,0x0a,0x20,0x20,0x20,0x20,0x20,0x20,0x20,0x20,0x20,0x20,
0x20,0x20,0x20,0x20,0x20,0x20,0x77,0x73,0x2e,0x73,0x65,0x6e,0x64,0x28,0x63,0x6d,0x64,0x29,0x3b,0x0a,
0x20,0x20,0x20,0x20,0x20,0x20,0x20,0x20,0x20,0x20,0x20,0x20,0x7d,0x20,0x65,0x6c,0x73,0x65,0x20,0x7b,
0x0a,0x20,0x20,0x20,0x20,0x20,0x20,0x20,0x20,0x20,0x20,0x20,0x20,0x20,0x20,0x20,0x20,0x66,0x65,0x74,
0x63,0x68,0x28,0x60,0x2f,0x61,0x70,0x69,0x2f,0x64,0x65,0x6d,0x6f,0x3f,0x65,0x6e,0x61,0x62,0x6c,0x65,
0x3d,0x24,0x7b,0x65,0x6e,0x61,0x62,0x6c,0x65,0x20,0x3f,0x20,0x31,0x20,0x3a,0x20,0x30,0x7d,0x60,0x2c,
0x20,0x7b,0x20,0x6d,0x65,0x74,0x68,0x6f,0x64,0x3a,0x20,0x27,0x50,0x4f,0x53,0x54,0x27,0x20,0x7d,0x29,
0x3b,0x0a,0x20,0x20,0x20,0x20,0x20,0x20,0x20,0x20,0x20,0x20,0x20,0x20,0x7d,0x0a,0x20,0x20,0x20,0x20,
0x20,0x20,0x20,0x20,0x7d,0x0a,0x0a,0x20,0x20,0x20,0x20,0x20,0x20,0x20,0x20,0x66,0x75,0x6e,0x63,0x74,
0x69,0x6f,0x6e,0x20,0x73,0x79,0x6e,0x63,0x54,0x69,0x6d,0x65,0x28,0x29,0x20,0x7b,0x0a,0x20,0x20,0x20,
0x20,0x20,0x20,0x20,0x20,0x20,0x20,0x20,0x20,0x63,0x6f,0x6e,0x73,0x74,0x20,0x75,0x6e,0x69,0x78,0x20,
0x3d,0x20,0x4d,0x61,0x74,0x68,0x2e,0x66,0x6c,0x6f,0x6f,0x72,0x28,0x44,0x61,0x74,0x65,0x2e,0x6e,0x6f,
0x77,0x28,0x29,0x20,0x2f,0x20,0x31,0x30,0x30,0x30,0x29,0x3b,0x0a,0x20,0x20,0x20,0x20,0x20,0x20,0x20,
0x20,0x20,0x20,0x20,0x20,0x66,0x65,0x74,0x63,0x68,0x28,0x27,0x2f,0x61,0x70,0x69,0x2f,0x74,0x69,0x6d,
0x65,0x27,0x2c,0x20,0x7b,0x0a,0x20,0x20,0x20,0x20,0x20,0x20,0x20,0x20,0x20,0x20,0x20,0x20,0x20,0x20,
0x20,0x20,0x6d,0x65,0x74,0x68,0x6f,0x64,0x3a,0x20,0x27,0x50,0x4f,0x53,0x54,0x27,0x2c,0x0a,0x20,0x20,
0x20,0x20,0x20,0x20,0x20,0x20,0x20,0x20,0x20,0x20,0x20,0x20,0x20,0x20,0x68,0x65,0x61,0x64,0x65,0x72,
0x73,0x3a,0x20,0x7b,0x20,0x27,0x43,0x6f,0x6e,0x74,0x65,0x6e,0x74,0x2d,0x54,0x79,0x70,0x65,0x27,0x3a,
0x20,0x27,0x61,0x70,0x70,0x6c,0x69,0x63,0x61,0x74,0x69,0x6f,0x6e,0x2f,0x6a,0x73,0x6f,0x6e,0x27,0x20,
0x7d,0x2c,0x0a,0x20,0x20,0x20,0x20,0x20,0x20,0x20,0x20,0x20,0x20,0x20,0x20,0x20,0x20,0x20,0x20,0x62,
0x6f,0x64,0x79,0x3a,0x20,0x4a,0x53,0x4f,0x4e,0x2e,0x73,0x74,0x72,0x69,0x6e,0x67,0x69,0x66,0x79,0x28,
0x7b,0x20,0x75,0x6e,0x69,0x78,0x3a,0x20,0x75,0x6e,0x69,0x78,0x20,0x7d,0x29,0x0a,0x20,0x20,0x20,0x20,
0x20,0x20,0x20,0x20,0x20,0x20,0x20,0x20,0x7d,0x29,0x2e,0x74,0x68,0x65,0x6e,0x28,0x28,0x29,0x20,0x3d,
0x3e,0x20,0x61,0x6c,0x65,0x72,0x74,0x28,0x27,0x50,0x43,0xe3,0x81,0xae,0xe6,0x99,0x82,0xe5,0x88,0xbb,
0xe3,0x81,0xa8,0xe5,0x90,0x8c,0xe6,0x9c,0x9f,0xe3,0x81,0x97,0xe3,0x81,0xbe,0xe3,0x81,0x97,0xe3,0x81,
0x9f,0xe3,0x80,0x82,0x27,0x29,0x29,0x3b,0x0a,0x20,0x20,0x20,0x20,0x20,0x20,0x20,0x20,0x7d,0x0a,0x0a,
0x20,0x20,0x20,0x20,0x20,0x20,0x20,0x20,0x77,0x69,0x6e,0x64,0x6f,0x77,0x2e,0x6f,0x6e,0x6c,0x6f,0x61,
0x64,0x20,0x3d,0x20,0x28,0x29,0x20,0x3d,0x3e,0x20,0x7b,0x0a,0x20,0x20,0x20,0x20,0x20,0x20,0x20,0x20,
0x20,0x20,0x20,0x20,0x63,0x6f,0x6e,0x6e,0x65,0x63,0x74,0x57,0x65,0x62,0x53,0x6f,0x63,0x6b,0x65,0x74,
0x28,0x29,0x3b,0x0a,0x20,0x20,0x20,0x20,0x20,0x20,0x20,0x20,0x20,0x20,0x20,0x20,0x66,0x65,0x74,0x63,
0x68,0x48,0x69,0x73,0x74,0x6f,0x72,0x79,0x28,0x29,0x3b,0x0a,0x20,0x20,0x20,0x20,0x20,0x20,0x20,0x20,
0x20,0x20,0x20,0x20,0x73,0x65,0x74,0x49,0x6e,0x74,0x65,0x72,0x76,0x61,0x6c,0x28,0x66,0x65,0x74,0x63,
0x68,0x48,0x69,0x73,0x74,0x6f,0x72,0x79,0x2c,0x20,0x36,0x30,0x30,0x30,0x30,0x29,0x3b,0x0a,0x20,0x20,
0x20,0x20,0x20,0x20,0x20,0x20,0x7d,0x3b,0x0a,0x20,0x20,0x20,0x20,0x3c,0x2f,0x73,0x63,0x72,0x69,0x70,
0x74,0x3e,0x0a,0x3c,0x2f,0x62,0x6f,0x64,0x79,0x3e,0x0a,0x3c,0x2f,0x68,0x74,0x6d,0x6c,0x3e,0x0a,
0x00
};
static const size_t INDEX_HTML_LEN = 25680;
#endif
